Workbook

Sheet AQ
A1: Nama | B1: Nomor Pendaftaran | C1: Jenjang | D1: Nilai Tajwid | E1: Nilai Kelancaran | F1: Rekomendasi | G1: Nama Penguji | H1: Catatan | I1: Nilai Rerata
A2: =IFERROR(__xludf.DUMMYFUNCTION("importrange(""https://docs.google.com/spreadsheets/d/1UbhKnOqCU4kQCzSZuNAARq9KSZBV7aq-k2gR_yYLDOg/edit?resourcekey=&gid=976856029#gid=976856029"",""Form Responses 1!C2:J1000"")"),"Aviccena Syahdan Haqoni ") -> Aviccena Syahdan Haqoni | B2: =IFERROR(__xludf.DUMMYFUNCTION("""COMPUTED_VALUE"""),"A250060") -> A250060 | C2: =IFERROR(__xludf.DUMMYFUNCTION("""COMPUTED_VALUE"""),"MTs Putra") -> MTs Putra | D2: =IFERROR(__xludf.DUMMYFUNCTION("""COMPUTED_VALUE"""),70.0) -> 70 | E2: =IFERROR(__xludf.DUMMYFUNCTION("""COMPUTED_VALUE"""),50.0) -> 50 | F2: =IFERROR(__xludf.DUMMYFUNCTION("""COMPUTED_VALUE"""),"C. Ditolak") -> C. Ditolak | G2: =IFERROR(__xludf.DUMMYFUNCTION("""COMPUTED_VALUE"""),"Fuad Khomsatun") -> Fuad Khomsatun | H2: =IFERROR(__xludf.DUMMYFUNCTION("""COMPUTED_VALUE"""),"Makhroj cukup bagus, tapi hukum Tajwid yang sangat kurang") -> Makhroj cukup bagus, tapi hukum Tajwid yang sangat kurang | I2: =average(D2:E2) -> 60
A3: =IFERROR(__xludf.DUMMYFUNCTION("""COMPUTED_VALUE"""),"Syabban Ghazi Alfathan ") -> Syabban Ghazi Alfathan | B3: =IFERROR(__xludf.DUMMYFUNCTION("""COMPUTED_VALUE"""),"B250025") -> B250025 | C3: =IFERROR(__xludf.DUMMYFUNCTION("""COMPUTED_VALUE"""),"IL Putra") -> IL Putra | D3: =IFERROR(__xludf.DUMMYFUNCTION("""COMPUTED_VALUE"""),85.0) -> 85 | E3: =IFERROR(__xludf.DUMMYFUNCTION("""COMPUTED_VALUE"""),50.0) -> 50 | F3: =IFERROR(__xludf.DUMMYFUNCTION("""COMPUTED_VALUE"""),"B. Cadangan") -> B. Cadangan | G3: =IFERROR(__xludf.DUMMYFUNCTION("""COMPUTED_VALUE"""),"Fuad Khomsatun") -> Fuad Khomsatun | H3: =IFERROR(__xludf.DUMMYFUNCTION("""COMPUTED_VALUE"""),"1. Dari 3 soal yg diberikan, ananda hanya menjawab 1 saja itupun tidak begitu lancar 2. Waqof dan ibtida, tidak tepat 3. Makhroj cukup bagus ") -> 1. Dari 3 soal yg diberikan, ananda hanya menjawab 1 saja itupun tidak begitu lancar 2. Waqof dan ibtida, tidak tepat 3. Makhroj cukup bagus | I3: =average(D3:E3) -> 67.5
A4: =IFERROR(__xludf.DUMMYFUNCTION("""COMPUTED_VALUE"""),"Daffa Taamir Alfarizi ") -> Daffa Taamir Alfarizi | B4: =IFERROR(__xludf.DUMMYFUNCTION("""COMPUTED_VALUE"""),"A250008") -> A250008 | C4: =IFERROR(__xludf.DUMMYFUNCTION("""COMPUTED_VALUE"""),"MTs Putra") -> MTs Putra | D4: =IFERROR(__xludf.DUMMYFUNCTION("""COMPUTED_VALUE"""),93.0) -> 93 | E4: =IFERROR(__xludf.DUMMYFUNCTION("""COMPUTED_VALUE"""),90.0) -> 90 | F4: =IFERROR(__xludf.DUMMYFUNCTION("""COMPUTED_VALUE"""),"A. Diterima") -> A. Diterima | G4: =IFERROR(__xludf.DUMMYFUNCTION("""COMPUTED_VALUE"""),"Fuad Khomsatun") -> Fuad Khomsatun | H4: =IFERROR(__xludf.DUMMYFUNCTION("""COMPUTED_VALUE"""),"semuanya Alhamdulillah kongkrit, tidak ada keraguan didalamnya. Namun pada waqof ibtida perlu diperbaiki") -> semuanya Alhamdulillah kongkrit, tidak ada keraguan didalamnya. Namun pada waqof ibtida perlu diperbaiki | I4: =average(D4:E4) -> 91.5
A5: =IFERROR(__xludf.DUMMYFUNCTION("""COMPUTED_VALUE"""),"Aisyah") -> Aisyah | B5: =IFERROR(__xludf.DUMMYFUNCTION("""COMPUTED_VALUE"""),"D250005") -> D250005 | C5: =IFERROR(__xludf.DUMMYFUNCTION("""COMPUTED_VALUE"""),"MTs Putri") -> MTs Putri | D5: =IFERROR(__xludf.DUMMYFUNCTION("""COMPUTED_VALUE"""),80.0) -> 80 | E5: =IFERROR(__xludf.DUMMYFUNCTION("""COMPUTED_VALUE"""),80.0) -> 80 | F5: =IFERROR(__xludf.DUMMYFUNCTION("""COMPUTED_VALUE"""),"A. Diterima") -> A. Diterima | G5: =IFERROR(__xludf.DUMMYFUNCTION("""COMPUTED_VALUE"""),"Andi Fatimah Azzahra Rahman") -> Andi Fatimah Azzahra Rahman | H5: =IFERROR(__xludf.DUMMYFUNCTION("""COMPUTED_VALUE"""),"Di terima dan perlu bimbingan lagi sebelum masuk smp") -> Di terima dan perlu bimbingan lagi sebelum masuk smp | I5: =average(D5:E5) -> 80
A6: =IFERROR(__xludf.DUMMYFUNCTION("""COMPUTED_VALUE"""),"Aina Syahmina Givani ") -> Aina Syahmina Givani | B6: =IFERROR(__xludf.DUMMYFUNCTION("""COMPUTED_VALUE"""),"D250006") -> D250006 | C6: =IFERROR(__xludf.DUMMYFUNCTION("""COMPUTED_VALUE"""),"MTs Putri") -> MTs Putri | D6: =IFERROR(__xludf.DUMMYFUNCTION("""COMPUTED_VALUE"""),81.0) -> 81 | E6: =IFERROR(__xludf.DUMMYFUNCTION("""COMPUTED_VALUE"""),80.0) -> 80 | F6: =IFERROR(__xludf.DUMMYFUNCTION("""COMPUTED_VALUE"""),"A. Diterima") -> A. Diterima | G6: =IFERROR(__xludf.DUMMYFUNCTION("""COMPUTED_VALUE"""),"Andi Fatimah Azzahra Rahman") -> Andi Fatimah Azzahra Rahman | H6: =IFERROR(__xludf.DUMMYFUNCTION("""COMPUTED_VALUE"""),"Di terima dan perlu bimbingan lagi sebelum masuk smp") -> Di terima dan perlu bimbingan lagi sebelum masuk smp | I6: =average(D6:E6) -> 80.5
A7: =IFERROR(__xludf.DUMMYFUNCTION("""COMPUTED_VALUE"""),"Keyza Qaireen") -> Keyza Qaireen | B7: =IFERROR(__xludf.DUMMYFUNCTION("""COMPUTED_VALUE"""),"D250009") -> D250009 | C7: =IFERROR(__xludf.DUMMYFUNCTION("""COMPUTED_VALUE"""),"MTs Putri") -> MTs Putri | D7: =IFERROR(__xludf.DUMMYFUNCTION("""COMPUTED_VALUE"""),85.0) -> 85 | E7: =IFERROR(__xludf.DUMMYFUNCTION("""COMPUTED_VALUE"""),85.0) -> 85 | F7: =IFERROR(__xludf.DUMMYFUNCTION("""COMPUTED_VALUE"""),"A. Diterima") -> A. Diterima | G7: =IFERROR(__xludf.DUMMYFUNCTION("""COMPUTED_VALUE"""),"Andi Fatimah Azzahra Rahman") -> Andi Fatimah Azzahra Rahman | I7: =average(D7:E7) -> 85
A8: =IFERROR(__xludf.DUMMYFUNCTION("""COMPUTED_VALUE"""),"Sarah Afifa ") -> Sarah Afifa | B8: =IFERROR(__xludf.DUMMYFUNCTION("""COMPUTED_VALUE"""),"D250015") -> D250015 | C8: =IFERROR(__xludf.DUMMYFUNCTION("""COMPUTED_VALUE"""),"MTs Putri") -> MTs Putri | D8: =IFERROR(__xludf.DUMMYFUNCTION("""COMPUTED_VALUE"""),90.0) -> 90 | E8: =IFERROR(__xludf.DUMMYFUNCTION("""COMPUTED_VALUE"""),80.0) -> 80 | F8: =IFERROR(__xludf.DUMMYFUNCTION("""COMPUTED_VALUE"""),"A. Diterima") -> A. Diterima | G8: =IFERROR(__xludf.DUMMYFUNCTION("""COMPUTED_VALUE"""),"Andi Fatimah Azzahra Rahman") -> Andi Fatimah Azzahra Rahman | H8: =IFERROR(__xludf.DUMMYFUNCTION("""COMPUTED_VALUE"""),"Perbanyak tilawah al quran sebelum masuk pondok agar lebih lancar lagi") -> Perbanyak tilawah al quran sebelum masuk pondok agar lebih lancar lagi | I8: =average(D8:E8) -> 85
A9: =IFERROR(__xludf.DUMMYFUNCTION("""COMPUTED_VALUE"""),"Adibah Saefulloh") -> Adibah Saefulloh | B9: =IFERROR(__xludf.DUMMYFUNCTION("""COMPUTED_VALUE"""),"D250003") -> D250003 | C9: =IFERROR(__xludf.DUMMYFUNCTION("""COMPUTED_VALUE"""),"MTs Putri") -> MTs Putri | D9: =IFERROR(__xludf.DUMMYFUNCTION("""COMPUTED_VALUE"""),70.0) -> 70 | E9: =IFERROR(__xludf.DUMMYFUNCTION("""COMPUTED_VALUE"""),70.0) -> 70 | F9: =IFERROR(__xludf.DUMMYFUNCTION("""COMPUTED_VALUE"""),"A. Diterima") -> A. Diterima | G9: =IFERROR(__xludf.DUMMYFUNCTION("""COMPUTED_VALUE"""),"Andi Fatimah Azzahra Rahman") -> Andi Fatimah Azzahra Rahman | H9: =IFERROR(__xludf.DUMMYFUNCTION("""COMPUTED_VALUE"""),"Di terima dan perlu bimbingan lagi sebelum masuk smp") -> Di terima dan perlu bimbingan lagi sebelum masuk smp | I9: =average(D9:E9) -> 70
A10: =IFERROR(__xludf.DUMMYFUNCTION("""COMPUTED_VALUE"""),"Azka Ulinnuha") -> Azka Ulinnuha | B10: =IFERROR(__xludf.DUMMYFUNCTION("""COMPUTED_VALUE"""),"B250009") -> B250009 | C10: =IFERROR(__xludf.DUMMYFUNCTION("""COMPUTED_VALUE"""),"IL Putra") -> IL Putra | D10: =IFERROR(__xludf.DUMMYFUNCTION("""COMPUTED_VALUE"""),70.0) -> 70 | E10: =IFERROR(__xludf.DUMMYFUNCTION("""COMPUTED_VALUE"""),70.0) -> 70 | F10: =IFERROR(__xludf.DUMMYFUNCTION("""COMPUTED_VALUE"""),"B. Cadangan") -> B. Cadangan | G10: =IFERROR(__xludf.DUMMYFUNCTION("""COMPUTED_VALUE"""),"Jusman") -> Jusman | I10: =average(D10:E10) -> 70
A11: =IFERROR(__xludf.DUMMYFUNCTION("""COMPUTED_VALUE"""),"Muhammad Hamudi Alfarizi") -> Muhammad Hamudi Alfarizi | B11: =IFERROR(__xludf.DUMMYFUNCTION("""COMPUTED_VALUE"""),"A250062") -> A250062 | C11: =IFERROR(__xludf.DUMMYFUNCTION("""COMPUTED_VALUE"""),"MTs Putra") -> MTs Putra | D11: =IFERROR(__xludf.DUMMYFUNCTION("""COMPUTED_VALUE"""),80.0) -> 80 | E11: =IFERROR(__xludf.DUMMYFUNCTION("""COMPUTED_VALUE"""),85.0) -> 85 | F11: =IFERROR(__xludf.DUMMYFUNCTION("""COMPUTED_VALUE"""),"B. Cadangan") -> B. Cadangan | G11: =IFERROR(__xludf.DUMMYFUNCTION("""COMPUTED_VALUE"""),"Agus Cahyono") -> Agus Cahyono | H11: =IFERROR(__xludf.DUMMYFUNCTION("""COMPUTED_VALUE"""),"1. Ananda bacaanya lancar , tp masih perlu perbaikan di tahsinnya. 2. Masih ada beberapa hukum bacaan yg kurang tepat, seperti mad tobi'i yg tidak tertunaikan. 3. Terkadang terburu-buru sehingga ada huruf yg terbalik penyebutannya.") -> 1. Ananda bacaanya lancar , tp masih perlu perbaikan di tahsinnya. 2. Masih ada beberapa hukum bacaan yg kurang tepat, seperti mad tobi'i yg tidak tertunaikan. 3. Terkadang terburu-buru sehingga ada huruf yg terbalik penyebutannya. | I11: =average(D11:E11) -> 82.5
A12: =IFERROR(__xludf.DUMMYFUNCTION("""COMPUTED_VALUE"""),"Ahmad Vickhy Wijaya") -> Ahmad Vickhy Wijaya | B12: =IFERROR(__xludf.DUMMYFUNCTION("""COMPUTED_VALUE"""),"A250073") -> A250073 | C12: =IFERROR(__xludf.DUMMYFUNCTION("""COMPUTED_VALUE"""),"MTs Putra") -> MTs Putra | D12: =IFERROR(__xludf.DUMMYFUNCTION("""COMPUTED_VALUE"""),70.0) -> 70 | E12: =IFERROR(__xludf.DUMMYFUNCTION("""COMPUTED_VALUE"""),75.0) -> 75 | F12: =IFERROR(__xludf.DUMMYFUNCTION("""COMPUTED_VALUE"""),"C. Ditolak") -> C. Ditolak | G12: =IFERROR(__xludf.DUMMYFUNCTION("""COMPUTED_VALUE"""),"Agus Cahyono") -> Agus Cahyono | I12: =average(D12:E12) -> 72.5
A13: =IFERROR(__xludf.DUMMYFUNCTION("""COMPUTED_VALUE"""),"Ambiya Addaruqutni J") -> Ambiya Addaruqutni J | B13: =IFERROR(__xludf.DUMMYFUNCTION("""COMPUTED_VALUE"""),"A250066") -> A250066 | C13: =IFERROR(__xludf.DUMMYFUNCTION("""COMPUTED_VALUE"""),"MTs Putra") -> MTs Putra | D13: =IFERROR(__xludf.DUMMYFUNCTION("""COMPUTED_VALUE"""),85.0) -> 85 | E13: =IFERROR(__xludf.DUMMYFUNCTION("""COMPUTED_VALUE"""),85.0) -> 85 | F13: =IFERROR(__xludf.DUMMYFUNCTION("""COMPUTED_VALUE"""),"B. Cadangan") -> B. Cadangan | G13: =IFERROR(__xludf.DUMMYFUNCTION("""COMPUTED_VALUE"""),"Agus Cahyono") -> Agus Cahyono | H13: =IFERROR(__xludf.DUMMYFUNCTION("""COMPUTED_VALUE"""),"1. Kelancarannya masih perlu di latih lagi 2. Hukum bacaan mad masih sering terlewat ") -> 1. Kelancarannya masih perlu di latih lagi 2. Hukum bacaan mad masih sering terlewat | I13: =average(D13:E13) -> 85
A14: =IFERROR(__xludf.DUMMYFUNCTION("""COMPUTED_VALUE"""),"Umar Fawwaz") -> Umar Fawwaz | B14: =IFERROR(__xludf.DUMMYFUNCTION("""COMPUTED_VALUE"""),"A250002") -> A250002 | C14: =IFERROR(__xludf.DUMMYFUNCTION("""COMPUTED_VALUE"""),"MTs Putra") -> MTs Putra | D14: =IFERROR(__xludf.DUMMYFUNCTION("""COMPUTED_VALUE"""),95.0) -> 95 | E14: =IFERROR(__xludf.DUMMYFUNCTION("""COMPUTED_VALUE"""),95.0) -> 95 | F14: =IFERROR(__xludf.DUMMYFUNCTION("""COMPUTED_VALUE"""),"A. Diterima") -> A. Diterima | G14: =IFERROR(__xludf.DUMMYFUNCTION("""COMPUTED_VALUE"""),"Agus Cahyono") -> Agus Cahyono | H14: =IFERROR(__xludf.DUMMYFUNCTION("""COMPUTED_VALUE"""),"Alhamdulillah") -> Alhamdulillah | I14: =average(D14:E14) -> 95
A15: =IFERROR(__xludf.DUMMYFUNCTION("""COMPUTED_VALUE"""),"Muhammad Asyam Abdullah") -> Muhammad Asyam Abdullah | B15: =IFERROR(__xludf.DUMMYFUNCTION("""COMPUTED_VALUE"""),"A250010") -> A250010 | C15: =IFERROR(__xludf.DUMMYFUNCTION("""COMPUTED_VALUE"""),"MTs Putra") -> MTs Putra | D15: =IFERROR(__xludf.DUMMYFUNCTION("""COMPUTED_VALUE"""),95.0) -> 95 | E15: =IFERROR(__xludf.DUMMYFUNCTION("""COMPUTED_VALUE"""),90.0) -> 90 | F15: =IFERROR(__xludf.DUMMYFUNCTION("""COMPUTED_VALUE"""),"A. Diterima") -> A. Diterima | G15: =IFERROR(__xludf.DUMMYFUNCTION("""COMPUTED_VALUE"""),"Agus Cahyono") -> Agus Cahyono | H15: =IFERROR(__xludf.DUMMYFUNCTION("""COMPUTED_VALUE"""),"Alhamdulillah") -> Alhamdulillah | I15: =average(D15:E15) -> 92.5
A16: =IFERROR(__xludf.DUMMYFUNCTION("""COMPUTED_VALUE"""),"Haneef Abdurahman") -> Haneef Abdurahman | B16: =IFERROR(__xludf.DUMMYFUNCTION("""COMPUTED_VALUE"""),"A250012") -> A250012 | C16: =IFERROR(__xludf.DUMMYFUNCTION("""COMPUTED_VALUE"""),"MTs Putra") -> MTs Putra | D16: =IFERROR(__xludf.DUMMYFUNCTION("""COMPUTED_VALUE"""),95.0) -> 95 | E16: =IFERROR(__xludf.DUMMYFUNCTION("""COMPUTED_VALUE"""),96.0) -> 96 | F16: =IFERROR(__xludf.DUMMYFUNCTION("""COMPUTED_VALUE"""),"A. Diterima") -> A. Diterima | G16: =IFERROR(__xludf.DUMMYFUNCTION("""COMPUTED_VALUE"""),"Jusman") -> Jusman | I16: =average(D16:E16) -> 95.5
A17: =IFERROR(__xludf.DUMMYFUNCTION("""COMPUTED_VALUE"""),"Donli") -> Donli | B17: =IFERROR(__xludf.DUMMYFUNCTION("""COMPUTED_VALUE"""),"B250001") -> B250001 | C17: =IFERROR(__xludf.DUMMYFUNCTION("""COMPUTED_VALUE"""),"IL Putra") -> IL Putra | D17: =IFERROR(__xludf.DUMMYFUNCTION("""COMPUTED_VALUE"""),75.0) -> 75 | E17: =IFERROR(__xludf.DUMMYFUNCTION("""COMPUTED_VALUE"""),70.0) -> 70 | F17: =IFERROR(__xludf.DUMMYFUNCTION("""COMPUTED_VALUE"""),"B. Cadangan") -> B. Cadangan | G17: =IFERROR(__xludf.DUMMYFUNCTION("""COMPUTED_VALUE"""),"Fuad Khomsatun") -> Fuad Khomsatun | H17: =IFERROR(__xludf.DUMMYFUNCTION("""COMPUTED_VALUE"""),"untuk makhroj lumayan bagus, tapi tajwid dan kelancaran masih kurang baik") -> untuk makhroj lumayan bagus, tapi tajwid dan kelancaran masih kurang baik | I17: =average(D17:E17) -> 72.5
A18: =IFERROR(__xludf.DUMMYFUNCTION("""COMPUTED_VALUE"""),"Adya Wiguna") -> Adya Wiguna | B18: =IFERROR(__xludf.DUMMYFUNCTION("""COMPUTED_VALUE"""),"A250013") -> A250013 | C18: =IFERROR(__xludf.DUMMYFUNCTION("""COMPUTED_VALUE"""),"MTs Putra") -> MTs Putra | D18: =IFERROR(__xludf.DUMMYFUNCTION("""COMPUTED_VALUE"""),60.0) -> 60 | E18: =IFERROR(__xludf.DUMMYFUNCTION("""COMPUTED_VALUE"""),50.0) -> 50 | F18: =IFERROR(__xludf.DUMMYFUNCTION("""COMPUTED_VALUE"""),"C. Ditolak") -> C. Ditolak | G18: =IFERROR(__xludf.DUMMYFUNCTION("""COMPUTED_VALUE"""),"Fuad Khomsatun") -> Fuad Khomsatun | H18: =IFERROR(__xludf.DUMMYFUNCTION("""COMPUTED_VALUE"""),"Makhroj, Tajwid, Kelancaran masih sangat jauh") -> Makhroj, Tajwid, Kelancaran masih sangat jauh | I18: =average(D18:E18) -> 55
A19: =IFERROR(__xludf.DUMMYFUNCTION("""COMPUTED_VALUE"""),"Abudzar Al Mahbub ") -> Abudzar Al Mahbub | B19: =IFERROR(__xludf.DUMMYFUNCTION("""COMPUTED_VALUE"""),"A250034") -> A250034 | C19: =IFERROR(__xludf.DUMMYFUNCTION("""COMPUTED_VALUE"""),"MTs Putra") -> MTs Putra | D19: =IFERROR(__xludf.DUMMYFUNCTION("""COMPUTED_VALUE"""),85.0) -> 85 | E19: =IFERROR(__xludf.DUMMYFUNCTION("""COMPUTED_VALUE"""),85.0) -> 85 | F19: =IFERROR(__xludf.DUMMYFUNCTION("""COMPUTED_VALUE"""),"A. Diterima") -> A. Diterima | G19: =IFERROR(__xludf.DUMMYFUNCTION("""COMPUTED_VALUE"""),"Fuad Khomsatun") -> Fuad Khomsatun | H19: =IFERROR(__xludf.DUMMYFUNCTION("""COMPUTED_VALUE"""),"makhroj, tajwid dan kelancaran okeeeee") -> makhroj, tajwid dan kelancaran okeeeee | I19: =average(D19:E19) -> 85
A20: =IFERROR(__xludf.DUMMYFUNCTION("""COMPUTED_VALUE"""),"Ksatria Hudzaifah Al Mizzi ") -> Ksatria Hudzaifah Al Mizzi | B20: =IFERROR(__xludf.DUMMYFUNCTION("""COMPUTED_VALUE"""),"B250010") -> B250010 | C20: =IFERROR(__xludf.DUMMYFUNCTION("""COMPUTED_VALUE"""),"IL Putra") -> IL Putra | D20: =IFERROR(__xludf.DUMMYFUNCTION("""COMPUTED_VALUE"""),95.0) -> 95 | E20: =IFERROR(__xludf.DUMMYFUNCTION("""COMPUTED_VALUE"""),90.0) -> 90 | F20: =IFERROR(__xludf.DUMMYFUNCTION("""COMPUTED_VALUE"""),"A. Diterima") -> A. Diterima | G20: =IFERROR(__xludf.DUMMYFUNCTION("""COMPUTED_VALUE"""),"Fuad Khomsatun") -> Fuad Khomsatun | H20: =IFERROR(__xludf.DUMMYFUNCTION("""COMPUTED_VALUE"""),"Paten bin Kongkrit ") -> Paten bin Kongkrit | I20: =average(D20:E20) -> 92.5
A21: =IFERROR(__xludf.DUMMYFUNCTION("""COMPUTED_VALUE"""),"FAEYZA IZZATUL KHAIRY") -> FAEYZA IZZATUL KHAIRY | B21: =IFERROR(__xludf.DUMMYFUNCTION("""COMPUTED_VALUE"""),"A250016") -> A250016 | C21: =IFERROR(__xludf.DUMMYFUNCTION("""COMPUTED_VALUE"""),"MTs Putra") -> MTs Putra | D21: =IFERROR(__xludf.DUMMYFUNCTION("""COMPUTED_VALUE"""),80.0) -> 80 | E21: =IFERROR(__xludf.DUMMYFUNCTION("""COMPUTED_VALUE"""),85.0) -> 85 | F21: =IFERROR(__xludf.DUMMYFUNCTION("""COMPUTED_VALUE"""),"B. Cadangan") -> B. Cadangan | G21: =IFERROR(__xludf.DUMMYFUNCTION("""COMPUTED_VALUE"""),"Agus Cahyono") -> Agus Cahyono | H21: =IFERROR(__xludf.DUMMYFUNCTION("""COMPUTED_VALUE"""),"- Secara umum ananda memiliki bacaan yang lancar, akan tetapi masih mengbaikan hukum tajwid yang berlaku - Terlalu lama menyebbut sebuah huruf sehingga banyak bacaan yang menjadi panjang") -> - Secara umum ananda memiliki bacaan yang lancar, akan tetapi masih mengbaikan hukum tajwid yang berlaku - Terlalu lama menyebbut sebuah huruf sehingga banyak bacaan yang menjadi panjang | I21: =average(D21:E21) -> 82.5
A22: =IFERROR(__xludf.DUMMYFUNCTION("""COMPUTED_VALUE"""),"Widya Meilani zahra ") -> Widya Meilani zahra | B22: =IFERROR(__xludf.DUMMYFUNCTION("""COMPUTED_VALUE"""),"E250001") -> E250001 | C22: =IFERROR(__xludf.DUMMYFUNCTION("""COMPUTED_VALUE"""),"IL Putri") -> IL Putri | D22: =IFERROR(__xludf.DUMMYFUNCTION("""COMPUTED_VALUE"""),85.0) -> 85 | E22: =IFERROR(__xludf.DUMMYFUNCTION("""COMPUTED_VALUE"""),90.0) -> 90 | F22: =IFERROR(__xludf.DUMMYFUNCTION("""COMPUTED_VALUE"""),"A. Diterima") -> A. Diterima | G22: =IFERROR(__xludf.DUMMYFUNCTION("""COMPUTED_VALUE"""),"Andi Fatimah Azzahra Rahman") -> Andi Fatimah Azzahra Rahman | I22: =average(D22:E22) -> 87.5
A23: =IFERROR(__xludf.DUMMYFUNCTION("""COMPUTED_VALUE"""),"Siti Hafsoh sholihah ") -> Siti Hafsoh sholihah | B23: =IFERROR(__xludf.DUMMYFUNCTION("""COMPUTED_VALUE"""),"E250005") -> E250005 | C23: =IFERROR(__xludf.DUMMYFUNCTION("""COMPUTED_VALUE"""),"IL Putri") -> IL Putri | D23: =IFERROR(__xludf.DUMMYFUNCTION("""COMPUTED_VALUE"""),85.0) -> 85 | E23: =IFERROR(__xludf.DUMMYFUNCTION("""COMPUTED_VALUE"""),90.0) -> 90 | F23: =IFERROR(__xludf.DUMMYFUNCTION("""COMPUTED_VALUE"""),"A. Diterima") -> A. Diterima | G23: =IFERROR(__xludf.DUMMYFUNCTION("""COMPUTED_VALUE"""),"Andi Fatimah Azzahra Rahman") -> Andi Fatimah Azzahra Rahman | I23: =average(D23:E23) -> 87.5
A24: =IFERROR(__xludf.DUMMYFUNCTION("""COMPUTED_VALUE"""),"Nadira Salsabila apriliani") -> Nadira Salsabila apriliani | B24: =IFERROR(__xludf.DUMMYFUNCTION("""COMPUTED_VALUE"""),"E250007") -> E250007 | C24: =IFERROR(__xludf.DUMMYFUNCTION("""COMPUTED_VALUE"""),"IL Putri") -> IL Putri | D24: =IFERROR(__xludf.DUMMYFUNCTION("""COMPUTED_VALUE"""),82.0) -> 82 | E24: =IFERROR(__xludf.DUMMYFUNCTION("""COMPUTED_VALUE"""),90.0) -> 90 | F24: =IFERROR(__xludf.DUMMYFUNCTION("""COMPUTED_VALUE"""),"A. Diterima") -> A. Diterima | G24: =IFERROR(__xludf.DUMMYFUNCTION("""COMPUTED_VALUE"""),"Andi Fatimah Azzahra Rahman") -> Andi Fatimah Azzahra Rahman | I24: =average(D24:E24) -> 86
A25: =IFERROR(__xludf.DUMMYFUNCTION("""COMPUTED_VALUE"""),"Hilda Sahlannisa") -> Hilda Sahlannisa | B25: =IFERROR(__xludf.DUMMYFUNCTION("""COMPUTED_VALUE"""),"E250002") -> E250002 | C25: =IFERROR(__xludf.DUMMYFUNCTION("""COMPUTED_VALUE"""),"IL Putri") -> IL Putri | D25: =IFERROR(__xludf.DUMMYFUNCTION("""COMPUTED_VALUE"""),84.0) -> 84 | E25: =IFERROR(__xludf.DUMMYFUNCTION("""COMPUTED_VALUE"""),90.0) -> 90 | F25: =IFERROR(__xludf.DUMMYFUNCTION("""COMPUTED_VALUE"""),"A. Diterima") -> A. Diterima | G25: =IFERROR(__xludf.DUMMYFUNCTION("""COMPUTED_VALUE"""),"Andi Fatimah Azzahra Rahman") -> Andi Fatimah Azzahra Rahman | I25: =average(D25:E25) -> 87
A26: =IFERROR(__xludf.DUMMYFUNCTION("""COMPUTED_VALUE"""),"SITI FATIMAH AZZAHRA") -> SITI FATIMAH AZZAHRA | B26: =IFERROR(__xludf.DUMMYFUNCTION("""COMPUTED_VALUE"""),"D250010") -> D250010 | C26: =IFERROR(__xludf.DUMMYFUNCTION("""COMPUTED_VALUE"""),"MTs Putri") -> MTs Putri | D26: =IFERROR(__xludf.DUMMYFUNCTION("""COMPUTED_VALUE"""),79.0) -> 79 | E26: =IFERROR(__xludf.DUMMYFUNCTION("""COMPUTED_VALUE"""),85.0) -> 85 | F26: =IFERROR(__xludf.DUMMYFUNCTION("""COMPUTED_VALUE"""),"A. Diterima") -> A. Diterima | G26: =IFERROR(__xludf.DUMMYFUNCTION("""COMPUTED_VALUE"""),"Andi Fatimah Azzahra Rahman") -> Andi Fatimah Azzahra Rahman | H26: =IFERROR(__xludf.DUMMYFUNCTION("""COMPUTED_VALUE"""),"Sebelum masuk pondok disarankan ada pembimbingan membaca al quran Agar lebih baik lagi") -> Sebelum masuk pondok disarankan ada pembimbingan membaca al quran Agar lebih baik lagi | I26: =average(D26:E26) -> 82
A27: =IFERROR(__xludf.DUMMYFUNCTION("""COMPUTED_VALUE"""),"Hanifah Qurrotul 'Ain ") -> Hanifah Qurrotul 'Ain | B27: =IFERROR(__xludf.DUMMYFUNCTION("""COMPUTED_VALUE"""),"D250002") -> D250002 | C27: =IFERROR(__xludf.DUMMYFUNCTION("""COMPUTED_VALUE"""),"MTs Putri") -> MTs Putri | D27: =IFERROR(__xludf.DUMMYFUNCTION("""COMPUTED_VALUE"""),87.0) -> 87 | E27: =IFERROR(__xludf.DUMMYFUNCTION("""COMPUTED_VALUE"""),92.0) -> 92 | F27: =IFERROR(__xludf.DUMMYFUNCTION("""COMPUTED_VALUE"""),"A. Diterima") -> A. Diterima | G27: =IFERROR(__xludf.DUMMYFUNCTION("""COMPUTED_VALUE"""),"Andi Fatimah Azzahra Rahman") -> Andi Fatimah Azzahra Rahman | I27: =average(D27:E27) -> 89.5
A28: =IFERROR(__xludf.DUMMYFUNCTION("""COMPUTED_VALUE"""),"Ulfia Nurfauziah ") -> Ulfia Nurfauziah | B28: =IFERROR(__xludf.DUMMYFUNCTION("""COMPUTED_VALUE"""),"D250027") -> D250027 | C28: =IFERROR(__xludf.DUMMYFUNCTION("""COMPUTED_VALUE"""),"MTs Putri") -> MTs Putri | D28: =IFERROR(__xludf.DUMMYFUNCTION("""COMPUTED_VALUE"""),85.0) -> 85 | E28: =IFERROR(__xludf.DUMMYFUNCTION("""COMPUTED_VALUE"""),90.0) -> 90 | F28: =IFERROR(__xludf.DUMMYFUNCTION("""COMPUTED_VALUE"""),"A. Diterima") -> A. Diterima | G28: =IFERROR(__xludf.DUMMYFUNCTION("""COMPUTED_VALUE"""),"Andi Fatimah Azzahra Rahman") -> Andi Fatimah Azzahra Rahman | I28: =average(D28:E28) -> 87.5
A29: =IFERROR(__xludf.DUMMYFUNCTION("""COMPUTED_VALUE"""),"Abu Reihan Al Fajri") -> Abu Reihan Al Fajri | B29: =IFERROR(__xludf.DUMMYFUNCTION("""COMPUTED_VALUE"""),"A250025") -> A250025 | C29: =IFERROR(__xludf.DUMMYFUNCTION("""COMPUTED_VALUE"""),"MTs Putra") -> MTs Putra | D29: =IFERROR(__xludf.DUMMYFUNCTION("""COMPUTED_VALUE"""),85.0) -> 85 | E29: =IFERROR(__xludf.DUMMYFUNCTION("""COMPUTED_VALUE"""),85.0) -> 85 | F29: =IFERROR(__xludf.DUMMYFUNCTION("""COMPUTED_VALUE"""),"A. Diterima") -> A. Diterima | G29: =IFERROR(__xludf.DUMMYFUNCTION("""COMPUTED_VALUE"""),"Jusman") -> Jusman | I29: =average(D29:E29) -> 85
A30: =IFERROR(__xludf.DUMMYFUNCTION("""COMPUTED_VALUE"""),"Satria Panca Desmara") -> Satria Panca Desmara | B30: =IFERROR(__xludf.DUMMYFUNCTION("""COMPUTED_VALUE"""),"A250028") -> A250028 | C30: =IFERROR(__xludf.DUMMYFUNCTION("""COMPUTED_VALUE"""),"MTs Putra") -> MTs Putra | D30: =IFERROR(__xludf.DUMMYFUNCTION("""COMPUTED_VALUE"""),70.0) -> 70 | E30: =IFERROR(__xludf.DUMMYFUNCTION("""COMPUTED_VALUE"""),73.0) -> 73 | F30: =IFERROR(__xludf.DUMMYFUNCTION("""COMPUTED_VALUE"""),"B. Cadangan") -> B. Cadangan | G30: =IFERROR(__xludf.DUMMYFUNCTION("""COMPUTED_VALUE"""),"Jusman") -> Jusman | H30: =IFERROR(__xludf.DUMMYFUNCTION("""COMPUTED_VALUE"""),"Perlu banyak belajar lagi, agar tidak banyak salah dalam membaca al-Qur'an") -> Perlu banyak belajar lagi, agar tidak banyak salah dalam membaca al-Qur'an | I30: =average(D30:E30) -> 71.5
A31: =IFERROR(__xludf.DUMMYFUNCTION("""COMPUTED_VALUE"""),"Keanu Azka Wibowo") -> Keanu Azka Wibowo | B31: =IFERROR(__xludf.DUMMYFUNCTION("""COMPUTED_VALUE"""),"B250021") -> B250021 | C31: =IFERROR(__xludf.DUMMYFUNCTION("""COMPUTED_VALUE"""),"IL Putra") -> IL Putra | D31: =IFERROR(__xludf.DUMMYFUNCTION("""COMPUTED_VALUE"""),90.0) -> 90 | E31: =IFERROR(__xludf.DUMMYFUNCTION("""COMPUTED_VALUE"""),93.0) -> 93 | F31: =IFERROR(__xludf.DUMMYFUNCTION("""COMPUTED_VALUE"""),"A. Diterima") -> A. Diterima | G31: =IFERROR(__xludf.DUMMYFUNCTION("""COMPUTED_VALUE"""),"Fuad Khomsatun") -> Fuad Khomsatun | H31: =IFERROR(__xludf.DUMMYFUNCTION("""COMPUTED_VALUE"""),"bagus kongkrit, tapi huruf Lam nya agak aneh dikit") -> bagus kongkrit, tapi huruf Lam nya agak aneh dikit | I31: =average(D31:E31) -> 91.5
A32: =IFERROR(__xludf.DUMMYFUNCTION("""COMPUTED_VALUE"""),"Muhammad Hanif Ash Shidiq") -> Muhammad Hanif Ash Shidiq | B32: =IFERROR(__xludf.DUMMYFUNCTION("""COMPUTED_VALUE"""),"A250048") -> A250048 | C32: =IFERROR(__xludf.DUMMYFUNCTION("""COMPUTED_VALUE"""),"MTs Putra") -> MTs Putra | D32: =IFERROR(__xludf.DUMMYFUNCTION("""COMPUTED_VALUE"""),90.0) -> 90 | E32: =IFERROR(__xludf.DUMMYFUNCTION("""COMPUTED_VALUE"""),87.0) -> 87 | F32: =IFERROR(__xludf.DUMMYFUNCTION("""COMPUTED_VALUE"""),"A. Diterima") -> A. Diterima | G32: =IFERROR(__xludf.DUMMYFUNCTION("""COMPUTED_VALUE"""),"Fuad Khomsatun") -> Fuad Khomsatun | H32: =IFERROR(__xludf.DUMMYFUNCTION("""COMPUTED_VALUE"""),"Paten bin Kongkrit") -> Paten bin Kongkrit | I32: =average(D32:E32) -> 88.5
A33: =IFERROR(__xludf.DUMMYFUNCTION("""COMPUTED_VALUE"""),"Nahnurizko Nabhan Faghali ") -> Nahnurizko Nabhan Faghali | B33: =IFERROR(__xludf.DUMMYFUNCTION("""COMPUTED_VALUE"""),"A250009") -> A250009 | C33: =IFERROR(__xludf.DUMMYFUNCTION("""COMPUTED_VALUE"""),"MTs Putra") -> MTs Putra | D33: =IFERROR(__xludf.DUMMYFUNCTION("""COMPUTED_VALUE"""),90.0) -> 90 | E33: =IFERROR(__xludf.DUMMYFUNCTION("""COMPUTED_VALUE"""),92.0) -> 92 | F33: =IFERROR(__xludf.DUMMYFUNCTION("""COMPUTED_VALUE"""),"A. Diterima") -> A. Diterima | G33: =IFERROR(__xludf.DUMMYFUNCTION("""COMPUTED_VALUE"""),"Fuad Khomsatun") -> Fuad Khomsatun | I33: =average(D33:E33) -> 91
A34: =IFERROR(__xludf.DUMMYFUNCTION("""COMPUTED_VALUE"""),"Nouvalldy Farzani Prayoga ") -> Nouvalldy Farzani Prayoga | B34: =IFERROR(__xludf.DUMMYFUNCTION("""COMPUTED_VALUE"""),"A250023") -> A250023 | C34: =IFERROR(__xludf.DUMMYFUNCTION("""COMPUTED_VALUE"""),"MTs Putra") -> MTs Putra | D34: =IFERROR(__xludf.DUMMYFUNCTION("""COMPUTED_VALUE"""),60.0) -> 60 | E34: =IFERROR(__xludf.DUMMYFUNCTION("""COMPUTED_VALUE"""),58.0) -> 58 | F34: =IFERROR(__xludf.DUMMYFUNCTION("""COMPUTED_VALUE"""),"C. Ditolak") -> C. Ditolak | G34: =IFERROR(__xludf.DUMMYFUNCTION("""COMPUTED_VALUE"""),"Fuad Khomsatun") -> Fuad Khomsatun | H34: =IFERROR(__xludf.DUMMYFUNCTION("""COMPUTED_VALUE"""),"lumayan jauh tertinggaln") -> lumayan jauh tertinggaln | I34: =average(D34:E34) -> 59
A35: =IFERROR(__xludf.DUMMYFUNCTION("""COMPUTED_VALUE"""),"Muhammad Arkan") -> Muhammad Arkan | B35: =IFERROR(__xludf.DUMMYFUNCTION("""COMPUTED_VALUE"""),"A250037") -> A250037 | C35: =IFERROR(__xludf.DUMMYFUNCTION("""COMPUTED_VALUE"""),"MTs Putra") -> MTs Putra | D35: =IFERROR(__xludf.DUMMYFUNCTION("""COMPUTED_VALUE"""),90.0) -> 90 | E35: =IFERROR(__xludf.DUMMYFUNCTION("""COMPUTED_VALUE"""),95.0) -> 95 | F35: =IFERROR(__xludf.DUMMYFUNCTION("""COMPUTED_VALUE"""),"A. Diterima") -> A. Diterima | G35: =IFERROR(__xludf.DUMMYFUNCTION("""COMPUTED_VALUE"""),"Agus Cahyono") -> Agus Cahyono | H35: =IFERROR(__xludf.DUMMYFUNCTION("""COMPUTED_VALUE"""),"Alhamdulillah") -> Alhamdulillah | I35: =average(D35:E35) -> 92.5
A36: =IFERROR(__xludf.DUMMYFUNCTION("""COMPUTED_VALUE"""),"Sulthan Faqih Al Hadziq") -> Sulthan Faqih Al Hadziq | B36: =IFERROR(__xludf.DUMMYFUNCTION("""COMPUTED_VALUE"""),"A250046") -> A250046 | C36: =IFERROR(__xludf.DUMMYFUNCTION("""COMPUTED_VALUE"""),"MTs Putra") -> MTs Putra | D36: =IFERROR(__xludf.DUMMYFUNCTION("""COMPUTED_VALUE"""),93.0) -> 93 | E36: =IFERROR(__xludf.DUMMYFUNCTION("""COMPUTED_VALUE"""),95.0) -> 95 | F36: =IFERROR(__xludf.DUMMYFUNCTION("""COMPUTED_VALUE"""),"A. Diterima") -> A. Diterima | G36: =IFERROR(__xludf.DUMMYFUNCTION("""COMPUTED_VALUE"""),"Agus Cahyono") -> Agus Cahyono | H36: =IFERROR(__xludf.DUMMYFUNCTION("""COMPUTED_VALUE"""),"Alhamdulillah") -> Alhamdulillah | I36: =average(D36:E36) -> 94
A37: =IFERROR(__xludf.DUMMYFUNCTION("""COMPUTED_VALUE"""),"Muhammad Umar Ali ") -> Muhammad Umar Ali | B37: =IFERROR(__xludf.DUMMYFUNCTION("""COMPUTED_VALUE"""),"A250020") -> A250020 | C37: =IFERROR(__xludf.DUMMYFUNCTION("""COMPUTED_VALUE"""),"MTs Putra") -> MTs Putra | D37: =IFERROR(__xludf.DUMMYFUNCTION("""COMPUTED_VALUE"""),78.0) -> 78 | E37: =IFERROR(__xludf.DUMMYFUNCTION("""COMPUTED_VALUE"""),75.0) -> 75 | F37: =IFERROR(__xludf.DUMMYFUNCTION("""COMPUTED_VALUE"""),"B. Cadangan") -> B. Cadangan | G37: =IFERROR(__xludf.DUMMYFUNCTION("""COMPUTED_VALUE"""),"Fuad Khomsatun") -> Fuad Khomsatun | H37: =IFERROR(__xludf.DUMMYFUNCTION("""COMPUTED_VALUE"""),"makhroj lumayan bagus, mad dan ghunnah tidak terlalu parah. Tapi kelimpungan dalam membaca pada beberapa kalimat dalam Al Qur'an ") -> makhroj lumayan bagus, mad dan ghunnah tidak terlalu parah. Tapi kelimpungan dalam membaca pada beberapa kalimat dalam Al Qur'an | I37: =average(D37:E37) -> 76.5
A38: =IFERROR(__xludf.DUMMYFUNCTION("""COMPUTED_VALUE"""),"Muhammad Usman Ali") -> Muhammad Usman Ali | B38: =IFERROR(__xludf.DUMMYFUNCTION("""COMPUTED_VALUE"""),"A250018") -> A250018 | C38: =IFERROR(__xludf.DUMMYFUNCTION("""COMPUTED_VALUE"""),"MTs Putra") -> MTs Putra | D38: =IFERROR(__xludf.DUMMYFUNCTION("""COMPUTED_VALUE"""),65.0) -> 65 | E38: =IFERROR(__xludf.DUMMYFUNCTION("""COMPUTED_VALUE"""),60.0) -> 60 | F38: =IFERROR(__xludf.DUMMYFUNCTION("""COMPUTED_VALUE"""),"C. Ditolak") -> C. Ditolak | G38: =IFERROR(__xludf.DUMMYFUNCTION("""COMPUTED_VALUE"""),"Fuad Khomsatun") -> Fuad Khomsatun | H38: =IFERROR(__xludf.DUMMYFUNCTION("""COMPUTED_VALUE"""),"Kalo makhroj lumayan, tapi tajwid dan kelancaran kurang konkret. Berbeda dgn Umar ") -> Kalo makhroj lumayan, tapi tajwid dan kelancaran kurang konkret. Berbeda dgn Umar | I38: =average(D38:E38) -> 62.5
A39: =IFERROR(__xludf.DUMMYFUNCTION("""COMPUTED_VALUE"""),"Muhammad Hilmy Ilyasa Rizal") -> Muhammad Hilmy Ilyasa Rizal | B39: =IFERROR(__xludf.DUMMYFUNCTION("""COMPUTED_VALUE"""),"A250014") -> A250014 | C39: =IFERROR(__xludf.DUMMYFUNCTION("""COMPUTED_VALUE"""),"MTs Putra") -> MTs Putra | D39: =IFERROR(__xludf.DUMMYFUNCTION("""COMPUTED_VALUE"""),87.0) -> 87 | E39: =IFERROR(__xludf.DUMMYFUNCTION("""COMPUTED_VALUE"""),85.0) -> 85 | F39: =IFERROR(__xludf.DUMMYFUNCTION("""COMPUTED_VALUE"""),"A. Diterima") -> A. Diterima | G39: =IFERROR(__xludf.DUMMYFUNCTION("""COMPUTED_VALUE"""),"Agus Cahyono") -> Agus Cahyono | H39: =IFERROR(__xludf.DUMMYFUNCTION("""COMPUTED_VALUE"""),"1. Ananda Kurang teliti ketika membaca. ") -> 1. Ananda Kurang teliti ketika membaca. | I39: =average(D39:E39) -> 86
A40: =IFERROR(__xludf.DUMMYFUNCTION("""COMPUTED_VALUE"""),"Wahid Ahmad Nugraha") -> Wahid Ahmad Nugraha | B40: =IFERROR(__xludf.DUMMYFUNCTION("""COMPUTED_VALUE"""),"A250043") -> A250043 | C40: =IFERROR(__xludf.DUMMYFUNCTION("""COMPUTED_VALUE"""),"MTs Putra") -> MTs Putra | D40: =IFERROR(__xludf.DUMMYFUNCTION("""COMPUTED_VALUE"""),80.0) -> 80 | E40: =IFERROR(__xludf.DUMMYFUNCTION("""COMPUTED_VALUE"""),75.0) -> 75 | F40: =IFERROR(__xludf.DUMMYFUNCTION("""COMPUTED_VALUE"""),"B. Cadangan") -> B. Cadangan | G40: =IFERROR(__xludf.DUMMYFUNCTION("""COMPUTED_VALUE"""),"Jusman") -> Jusman | H40: =IFERROR(__xludf.DUMMYFUNCTION("""COMPUTED_VALUE"""),"Terus belajar dan dilatih terus lisannya dengan memperbanyak baca Al-Qur'an") -> Terus belajar dan dilatih terus lisannya dengan memperbanyak baca Al-Qur'an | I40: =average(D40:E40) -> 77.5
A41: =IFERROR(__xludf.DUMMYFUNCTION("""COMPUTED_VALUE"""),"Faiz Abdussalam Taslim Budidoyo") -> Faiz Abdussalam Taslim Budidoyo | B41: =IFERROR(__xludf.DUMMYFUNCTION("""COMPUTED_VALUE"""),"B250014") -> B250014 | C41: =IFERROR(__xludf.DUMMYFUNCTION("""COMPUTED_VALUE"""),"IL Putra") -> IL Putra | D41: =IFERROR(__xludf.DUMMYFUNCTION("""COMPUTED_VALUE"""),88.0) -> 88 | E41: =IFERROR(__xludf.DUMMYFUNCTION("""COMPUTED_VALUE"""),90.0) -> 90 | F41: =IFERROR(__xludf.DUMMYFUNCTION("""COMPUTED_VALUE"""),"A. Diterima") -> A. Diterima | G41: =IFERROR(__xludf.DUMMYFUNCTION("""COMPUTED_VALUE"""),"Agus Cahyono") -> Agus Cahyono | H41: =IFERROR(__xludf.DUMMYFUNCTION("""COMPUTED_VALUE"""),"Alhamdulillah ananda sudah memiliki hafalan 7 juz, Tp keterangan ananda belum mutqin semua. ") -> Alhamdulillah ananda sudah memiliki hafalan 7 juz, Tp keterangan ananda belum mutqin semua. | I41: =average(D41:E41) -> 89
A42: =IFERROR(__xludf.DUMMYFUNCTION("""COMPUTED_VALUE"""),"Hamzah Aqil") -> Hamzah Aqil | B42: =IFERROR(__xludf.DUMMYFUNCTION("""COMPUTED_VALUE"""),"A250057") -> A250057 | C42: =IFERROR(__xludf.DUMMYFUNCTION("""COMPUTED_VALUE"""),"MTs Putra") -> MTs Putra | D42: =IFERROR(__xludf.DUMMYFUNCTION("""COMPUTED_VALUE"""),80.0) -> 80 | E42: =IFERROR(__xludf.DUMMYFUNCTION("""COMPUTED_VALUE"""),85.0) -> 85 | F42: =IFERROR(__xludf.DUMMYFUNCTION("""COMPUTED_VALUE"""),"B. Cadangan") -> B. Cadangan | G42: =IFERROR(__xludf.DUMMYFUNCTION("""COMPUTED_VALUE"""),"Agus Cahyono") -> Agus Cahyono | H42: =IFERROR(__xludf.DUMMYFUNCTION("""COMPUTED_VALUE"""),"Ananda masih perlu banyak berlatih,sehingga kelancarannya bisa di atasi demikian juga dgn hukum tajwid nya. Semoga allah mudahkan untuk semua. ") -> Ananda masih perlu banyak berlatih,sehingga kelancarannya bisa di atasi demikian juga dgn hukum tajwid nya. Semoga allah mudahkan untuk semua. | I42: =average(D42:E42) -> 82.5
A43: =IFERROR(__xludf.DUMMYFUNCTION("""COMPUTED_VALUE"""),"Farhan Ibadurrohman") -> Farhan Ibadurrohman | B43: =IFERROR(__xludf.DUMMYFUNCTION("""COMPUTED_VALUE"""),"B250018") -> B250018 | C43: =IFERROR(__xludf.DUMMYFUNCTION("""COMPUTED_VALUE"""),"IL Putra") -> IL Putra | D43: =IFERROR(__xludf.DUMMYFUNCTION("""COMPUTED_VALUE"""),90.0) -> 90 | E43: =IFERROR(__xludf.DUMMYFUNCTION("""COMPUTED_VALUE"""),90.0) -> 90 | F43: =IFERROR(__xludf.DUMMYFUNCTION("""COMPUTED_VALUE"""),"A. Diterima") -> A. Diterima | G43: =IFERROR(__xludf.DUMMYFUNCTION("""COMPUTED_VALUE"""),"Agus Cahyono") -> Agus Cahyono | H43: =IFERROR(__xludf.DUMMYFUNCTION("""COMPUTED_VALUE"""),"Alhamdulillah ananda punya hafalan 7 juz Tp belum lancar.") -> Alhamdulillah ananda punya hafalan 7 juz Tp belum lancar. | I43: =average(D43:E43) -> 90
A44: =IFERROR(__xludf.DUMMYFUNCTION("""COMPUTED_VALUE"""),"Hafizh Abdurrahman") -> Hafizh Abdurrahman | B44: =IFERROR(__xludf.DUMMYFUNCTION("""COMPUTED_VALUE"""),"B250004") -> B250004 | C44: =IFERROR(__xludf.DUMMYFUNCTION("""COMPUTED_VALUE"""),"IL Putra") -> IL Putra | D44: =IFERROR(__xludf.DUMMYFUNCTION("""COMPUTED_VALUE"""),75.0) -> 75 | E44: =IFERROR(__xludf.DUMMYFUNCTION("""COMPUTED_VALUE"""),70.0) -> 70 | F44: =IFERROR(__xludf.DUMMYFUNCTION("""COMPUTED_VALUE"""),"C. Ditolak") -> C. Ditolak | G44: =IFERROR(__xludf.DUMMYFUNCTION("""COMPUTED_VALUE"""),"Agus Cahyono") -> Agus Cahyono | I44: =average(D44:E44) -> 72.5
A45: =IFERROR(__xludf.DUMMYFUNCTION("""COMPUTED_VALUE"""),"Ihsan Abdul Hakim") -> Ihsan Abdul Hakim | B45: =IFERROR(__xludf.DUMMYFUNCTION("""COMPUTED_VALUE"""),"B250003") -> B250003 | C45: =IFERROR(__xludf.DUMMYFUNCTION("""COMPUTED_VALUE"""),"IL Putra") -> IL Putra | D45: =IFERROR(__xludf.DUMMYFUNCTION("""COMPUTED_VALUE"""),99.0) -> 99 | E45: =IFERROR(__xludf.DUMMYFUNCTION("""COMPUTED_VALUE"""),99.0) -> 99 | F45: =IFERROR(__xludf.DUMMYFUNCTION("""COMPUTED_VALUE"""),"A. Diterima") -> A. Diterima | G45: =IFERROR(__xludf.DUMMYFUNCTION("""COMPUTED_VALUE"""),"Agus Cahyono") -> Agus Cahyono | H45: =IFERROR(__xludf.DUMMYFUNCTION("""COMPUTED_VALUE"""),"Sempurna hanya milik Allah Ta'ala,. Alhamdulillah. ") -> Sempurna hanya milik Allah Ta'ala,. Alhamdulillah. | I45: =average(D45:E45) -> 99
A46: =IFERROR(__xludf.DUMMYFUNCTION("""COMPUTED_VALUE"""),"Muhammad Azzam Alhafizh") -> Muhammad Azzam Alhafizh | B46: =IFERROR(__xludf.DUMMYFUNCTION("""COMPUTED_VALUE"""),"A250076") -> A250076 | C46: =IFERROR(__xludf.DUMMYFUNCTION("""COMPUTED_VALUE"""),"MTs Putra") -> MTs Putra | D46: =IFERROR(__xludf.DUMMYFUNCTION("""COMPUTED_VALUE"""),60.0) -> 60 | E46: =IFERROR(__xludf.DUMMYFUNCTION("""COMPUTED_VALUE"""),60.0) -> 60 | F46: =IFERROR(__xludf.DUMMYFUNCTION("""COMPUTED_VALUE"""),"C. Ditolak") -> C. Ditolak | G46: =IFERROR(__xludf.DUMMYFUNCTION("""COMPUTED_VALUE"""),"Agus Cahyono") -> Agus Cahyono | I46: =average(D46:E46) -> 60
A47: =IFERROR(__xludf.DUMMYFUNCTION("""COMPUTED_VALUE"""),"Ruwaifi") -> Ruwaifi | B47: =IFERROR(__xludf.DUMMYFUNCTION("""COMPUTED_VALUE"""),"A250071") -> A250071 | C47: =IFERROR(__xludf.DUMMYFUNCTION("""COMPUTED_VALUE"""),"MTs Putra") -> MTs Putra | D47: =IFERROR(__xludf.DUMMYFUNCTION("""COMPUTED_VALUE"""),75.0) -> 75 | E47: =IFERROR(__xludf.DUMMYFUNCTION("""COMPUTED_VALUE"""),75.0) -> 75 | F47: =IFERROR(__xludf.DUMMYFUNCTION("""COMPUTED_VALUE"""),"B. Cadangan") -> B. Cadangan | G47: =IFERROR(__xludf.DUMMYFUNCTION("""COMPUTED_VALUE"""),"Agus Cahyono") -> Agus Cahyono | I47: =average(D47:E47) -> 75
A48: =IFERROR(__xludf.DUMMYFUNCTION("""COMPUTED_VALUE"""),"Yahya Azka Ya'sub") -> Yahya Azka Ya'sub | B48: =IFERROR(__xludf.DUMMYFUNCTION("""COMPUTED_VALUE"""),"A250058") -> A250058 | C48: =IFERROR(__xludf.DUMMYFUNCTION("""COMPUTED_VALUE"""),"MTs Putra") -> MTs Putra | D48: =IFERROR(__xludf.DUMMYFUNCTION("""COMPUTED_VALUE"""),95.0) -> 95 | E48: =IFERROR(__xludf.DUMMYFUNCTION("""COMPUTED_VALUE"""),93.0) -> 93 | F48: =IFERROR(__xludf.DUMMYFUNCTION("""COMPUTED_VALUE"""),"A. Diterima") -> A. Diterima | G48: =IFERROR(__xludf.DUMMYFUNCTION("""COMPUTED_VALUE"""),"Jusman") -> Jusman | I48: =average(D48:E48) -> 94
A49: =IFERROR(__xludf.DUMMYFUNCTION("""COMPUTED_VALUE"""),"Fatih Kenzie Dzuliam Anado") -> Fatih Kenzie Dzuliam Anado | B49: =IFERROR(__xludf.DUMMYFUNCTION("""COMPUTED_VALUE"""),"A250019") -> A250019 | C49: =IFERROR(__xludf.DUMMYFUNCTION("""COMPUTED_VALUE"""),"MTs Putra") -> MTs Putra | D49: =IFERROR(__xludf.DUMMYFUNCTION("""COMPUTED_VALUE"""),90.0) -> 90 | E49: =IFERROR(__xludf.DUMMYFUNCTION("""COMPUTED_VALUE"""),90.0) -> 90 | F49: =IFERROR(__xludf.DUMMYFUNCTION("""COMPUTED_VALUE"""),"A. Diterima") -> A. Diterima | G49: =IFERROR(__xludf.DUMMYFUNCTION("""COMPUTED_VALUE"""),"Agus Cahyono") -> Agus Cahyono | H49: =IFERROR(__xludf.DUMMYFUNCTION("""COMPUTED_VALUE"""),"Alhamdulillah") -> Alhamdulillah | I49: =average(D49:E49) -> 90
A50: =IFERROR(__xludf.DUMMYFUNCTION("""COMPUTED_VALUE"""),"Artka Hasbina Azhuary") -> Artka Hasbina Azhuary | B50: =IFERROR(__xludf.DUMMYFUNCTION("""COMPUTED_VALUE"""),"A250032") -> A250032 | C50: =IFERROR(__xludf.DUMMYFUNCTION("""COMPUTED_VALUE"""),"MTs Putra") -> MTs Putra | D50: =IFERROR(__xludf.DUMMYFUNCTION("""COMPUTED_VALUE"""),90.0) -> 90 | E50: =IFERROR(__xludf.DUMMYFUNCTION("""COMPUTED_VALUE"""),87.0) -> 87 | F50: =IFERROR(__xludf.DUMMYFUNCTION("""COMPUTED_VALUE"""),"A. Diterima") -> A. Diterima | G50: =IFERROR(__xludf.DUMMYFUNCTION("""COMPUTED_VALUE"""),"Jusman") -> Jusman | I50: =average(D50:E50) -> 88.5
A51: =IFERROR(__xludf.DUMMYFUNCTION("""COMPUTED_VALUE"""),"Azka Khairul Ichsan Hasugian") -> Azka Khairul Ichsan Hasugian | B51: =IFERROR(__xludf.DUMMYFUNCTION("""COMPUTED_VALUE"""),"A250033") -> A250033 | C51: =IFERROR(__xludf.DUMMYFUNCTION("""COMPUTED_VALUE"""),"MTs Putra") -> MTs Putra | D51: =IFERROR(__xludf.DUMMYFUNCTION("""COMPUTED_VALUE"""),82.0) -> 82 | E51: =IFERROR(__xludf.DUMMYFUNCTION("""COMPUTED_VALUE"""),80.0) -> 80 | F51: =IFERROR(__xludf.DUMMYFUNCTION("""COMPUTED_VALUE"""),"B. Cadangan") -> B. Cadangan | G51: =IFERROR(__xludf.DUMMYFUNCTION("""COMPUTED_VALUE"""),"Jusman") -> Jusman | I51: =average(D51:E51) -> 81
A52: =IFERROR(__xludf.DUMMYFUNCTION("""COMPUTED_VALUE"""),"Rezvan Zhian Agusto ") -> Rezvan Zhian Agusto | B52: =IFERROR(__xludf.DUMMYFUNCTION("""COMPUTED_VALUE"""),"B250006") -> B250006 | C52: =IFERROR(__xludf.DUMMYFUNCTION("""COMPUTED_VALUE"""),"IL Putra") -> IL Putra | D52: =IFERROR(__xludf.DUMMYFUNCTION("""COMPUTED_VALUE"""),60.0) -> 60 | E52: =IFERROR(__xludf.DUMMYFUNCTION("""COMPUTED_VALUE"""),65.0) -> 65 | F52: =IFERROR(__xludf.DUMMYFUNCTION("""COMPUTED_VALUE"""),"A. Diterima") -> A. Diterima | G52: =IFERROR(__xludf.DUMMYFUNCTION("""COMPUTED_VALUE"""),"Fuad Khomsatun") -> Fuad Khomsatun | H52: =IFERROR(__xludf.DUMMYFUNCTION("""COMPUTED_VALUE"""),"masih jauh dari harapan untuk jenjang IL (Abangnya Razqa 7a)") -> masih jauh dari harapan untuk jenjang IL (Abangnya Razqa 7a) | I52: =average(D52:E52) -> 62.5
A53: =IFERROR(__xludf.DUMMYFUNCTION("""COMPUTED_VALUE"""),"Muhammad Kamil Athaillah Rizky") -> Muhammad Kamil Athaillah Rizky | B53: =IFERROR(__xludf.DUMMYFUNCTION("""COMPUTED_VALUE"""),"A250053") -> A250053 | C53: =IFERROR(__xludf.DUMMYFUNCTION("""COMPUTED_VALUE"""),"MTs Putra") -> MTs Putra | D53: =IFERROR(__xludf.DUMMYFUNCTION("""COMPUTED_VALUE"""),87.0) -> 87 | E53: =IFERROR(__xludf.DUMMYFUNCTION("""COMPUTED_VALUE"""),90.0) -> 90 | F53: =IFERROR(__xludf.DUMMYFUNCTION("""COMPUTED_VALUE"""),"A. Diterima") -> A. Diterima | G53: =IFERROR(__xludf.DUMMYFUNCTION("""COMPUTED_VALUE"""),"Fuad Khomsatun") -> Fuad Khomsatun | H53: =IFERROR(__xludf.DUMMYFUNCTION("""COMPUTED_VALUE"""),"bacaan bagus, tapi ada beberapa makhroj yg perlu diluruskan") -> bacaan bagus, tapi ada beberapa makhroj yg perlu diluruskan | I53: =average(D53:E53) -> 88.5
A54: =IFERROR(__xludf.DUMMYFUNCTION("""COMPUTED_VALUE"""),"Arayyan Abdur Rashid ") -> Arayyan Abdur Rashid | B54: =IFERROR(__xludf.DUMMYFUNCTION("""COMPUTED_VALUE"""),"A250015") -> A250015 | C54: =IFERROR(__xludf.DUMMYFUNCTION("""COMPUTED_VALUE"""),"MTs Putra") -> MTs Putra | D54: =IFERROR(__xludf.DUMMYFUNCTION("""COMPUTED_VALUE"""),88.0) -> 88 | E54: =IFERROR(__xludf.DUMMYFUNCTION("""COMPUTED_VALUE"""),90.0) -> 90 | F54: =IFERROR(__xludf.DUMMYFUNCTION("""COMPUTED_VALUE"""),"A. Diterima") -> A. Diterima | G54: =IFERROR(__xludf.DUMMYFUNCTION("""COMPUTED_VALUE"""),"Fuad Khomsatun") -> Fuad Khomsatun | H54: =IFERROR(__xludf.DUMMYFUNCTION("""COMPUTED_VALUE"""),"konkret InsyaAllah, tapi Hamzah kadang terbaca 'Ain") -> konkret InsyaAllah, tapi Hamzah kadang terbaca 'Ain | I54: =average(D54:E54) -> 89
A55: =IFERROR(__xludf.DUMMYFUNCTION("""COMPUTED_VALUE"""),"Sulthon Abrisam Karim ") -> Sulthon Abrisam Karim | B55: =IFERROR(__xludf.DUMMYFUNCTION("""COMPUTED_VALUE"""),"A250041") -> A250041 | C55: =IFERROR(__xludf.DUMMYFUNCTION("""COMPUTED_VALUE"""),"MTs Putra") -> MTs Putra | D55: =IFERROR(__xludf.DUMMYFUNCTION("""COMPUTED_VALUE"""),60.0) -> 60 | E55: =IFERROR(__xludf.DUMMYFUNCTION("""COMPUTED_VALUE"""),55.0) -> 55 | F55: =IFERROR(__xludf.DUMMYFUNCTION("""COMPUTED_VALUE"""),"C. Ditolak") -> C. Ditolak | G55: =IFERROR(__xludf.DUMMYFUNCTION("""COMPUTED_VALUE"""),"Fuad Khomsatun") -> Fuad Khomsatun | H55: =IFERROR(__xludf.DUMMYFUNCTION("""COMPUTED_VALUE"""),"mad dan ghunnah sangat jauh dari kriteria ") -> mad dan ghunnah sangat jauh dari kriteria | I55: =average(D55:E55) -> 57.5
A56: =IFERROR(__xludf.DUMMYFUNCTION("""COMPUTED_VALUE"""),"Muhammad Raihan Alfawwaz ") -> Muhammad Raihan Alfawwaz | B56: =IFERROR(__xludf.DUMMYFUNCTION("""COMPUTED_VALUE"""),"A250005") -> A250005 | C56: =IFERROR(__xludf.DUMMYFUNCTION("""COMPUTED_VALUE"""),"MTs Putra") -> MTs Putra | D56: =IFERROR(__xludf.DUMMYFUNCTION("""COMPUTED_VALUE"""),87.0) -> 87 | E56: =IFERROR(__xludf.DUMMYFUNCTION("""COMPUTED_VALUE"""),90.0) -> 90 | F56: =IFERROR(__xludf.DUMMYFUNCTION("""COMPUTED_VALUE"""),"A. Diterima") -> A. Diterima | G56: =IFERROR(__xludf.DUMMYFUNCTION("""COMPUTED_VALUE"""),"Fuad Khomsatun") -> Fuad Khomsatun | H56: =IFERROR(__xludf.DUMMYFUNCTION("""COMPUTED_VALUE"""),"Jayyid Jiddan, tapi beberapa makhroj perlu perbaikan") -> Jayyid Jiddan, tapi beberapa makhroj perlu perbaikan | I56: =average(D56:E56) -> 88.5
A57: =IFERROR(__xludf.DUMMYFUNCTION("""COMPUTED_VALUE"""),"Riyadi Wirawan ") -> Riyadi Wirawan | B57: =IFERROR(__xludf.DUMMYFUNCTION("""COMPUTED_VALUE"""),"A250040") -> A250040 | C57: =IFERROR(__xludf.DUMMYFUNCTION("""COMPUTED_VALUE"""),"MTs Putra") -> MTs Putra | D57: =IFERROR(__xludf.DUMMYFUNCTION("""COMPUTED_VALUE"""),55.0) -> 55 | E57: =IFERROR(__xludf.DUMMYFUNCTION("""COMPUTED_VALUE"""),50.0) -> 50 | F57: =IFERROR(__xludf.DUMMYFUNCTION("""COMPUTED_VALUE"""),"C. Ditolak") -> C. Ditolak | G57: =IFERROR(__xludf.DUMMYFUNCTION("""COMPUTED_VALUE"""),"Fuad Khomsatun") -> Fuad Khomsatun | H57: =IFERROR(__xludf.DUMMYFUNCTION("""COMPUTED_VALUE"""),"rosib banget ") -> rosib banget | I57: =average(D57:E57) -> 52.5
A58: =IFERROR(__xludf.DUMMYFUNCTION("""COMPUTED_VALUE"""),"Raihan Farzin ") -> Raihan Farzin | B58: =IFERROR(__xludf.DUMMYFUNCTION("""COMPUTED_VALUE"""),"B250005") -> B250005 | C58: =IFERROR(__xludf.DUMMYFUNCTION("""COMPUTED_VALUE"""),"IL Putra") -> IL Putra | D58: =IFERROR(__xludf.DUMMYFUNCTION("""COMPUTED_VALUE"""),85.0) -> 85 | E58: =IFERROR(__xludf.DUMMYFUNCTION("""COMPUTED_VALUE"""),87.0) -> 87 | F58: =IFERROR(__xludf.DUMMYFUNCTION("""COMPUTED_VALUE"""),"A. Diterima") -> A. Diterima | G58: =IFERROR(__xludf.DUMMYFUNCTION("""COMPUTED_VALUE"""),"Fuad Khomsatun") -> Fuad Khomsatun | H58: =IFERROR(__xludf.DUMMYFUNCTION("""COMPUTED_VALUE"""),"Jayyid Jiddan") -> Jayyid Jiddan | I58: =average(D58:E58) -> 86
A59: =IFERROR(__xludf.DUMMYFUNCTION("""COMPUTED_VALUE"""),"Granada Khansa El Qibtiya") -> Granada Khansa El Qibtiya | B59: =IFERROR(__xludf.DUMMYFUNCTION("""COMPUTED_VALUE"""),"D250026") -> D250026 | C59: =IFERROR(__xludf.DUMMYFUNCTION("""COMPUTED_VALUE"""),"MTs Putri") -> MTs Putri | D59: =IFERROR(__xludf.DUMMYFUNCTION("""COMPUTED_VALUE"""),80.0) -> 80 | E59: =IFERROR(__xludf.DUMMYFUNCTION("""COMPUTED_VALUE"""),80.0) -> 80 | F59: =IFERROR(__xludf.DUMMYFUNCTION("""COMPUTED_VALUE"""),"A. Diterima") -> A. Diterima | G59: =IFERROR(__xludf.DUMMYFUNCTION("""COMPUTED_VALUE"""),"Andi Fatimah Azzahra Rahman") -> Andi Fatimah Azzahra Rahman | H59: =IFERROR(__xludf.DUMMYFUNCTION("""COMPUTED_VALUE"""),"Saran di perbanyak baca al quran agar semakin lancar") -> Saran di perbanyak baca al quran agar semakin lancar | I59: =average(D59:E59) -> 80
A60: =IFERROR(__xludf.DUMMYFUNCTION("""COMPUTED_VALUE"""),"Lazuardi Akbar Narendra") -> Lazuardi Akbar Narendra | B60: =IFERROR(__xludf.DUMMYFUNCTION("""COMPUTED_VALUE"""),"A250007") -> A250007 | C60: =IFERROR(__xludf.DUMMYFUNCTION("""COMPUTED_VALUE"""),"MTs Putra") -> MTs Putra | D60: =IFERROR(__xludf.DUMMYFUNCTION("""COMPUTED_VALUE"""),60.0) -> 60 | E60: =IFERROR(__xludf.DUMMYFUNCTION("""COMPUTED_VALUE"""),60.0) -> 60 | F60: =IFERROR(__xludf.DUMMYFUNCTION("""COMPUTED_VALUE"""),"C. Ditolak") -> C. Ditolak | G60: =IFERROR(__xludf.DUMMYFUNCTION("""COMPUTED_VALUE"""),"Agus Cahyono") -> Agus Cahyono | I60: =average(D60:E60) -> 60
A61: =IFERROR(__xludf.DUMMYFUNCTION("""COMPUTED_VALUE"""),"Siti Arafah") -> Siti Arafah | B61: =IFERROR(__xludf.DUMMYFUNCTION("""COMPUTED_VALUE"""),"E250008") -> E250008 | C61: =IFERROR(__xludf.DUMMYFUNCTION("""COMPUTED_VALUE"""),"IL Putri") -> IL Putri | D61: =IFERROR(__xludf.DUMMYFUNCTION("""COMPUTED_VALUE"""),75.0) -> 75 | E61: =IFERROR(__xludf.DUMMYFUNCTION("""COMPUTED_VALUE"""),85.0) -> 85 | F61: =IFERROR(__xludf.DUMMYFUNCTION("""COMPUTED_VALUE"""),"A. Diterima") -> A. Diterima | G61: =IFERROR(__xludf.DUMMYFUNCTION("""COMPUTED_VALUE"""),"Andi Fatimah Azzahra Rahman") -> Andi Fatimah Azzahra Rahman | H61: =IFERROR(__xludf.DUMMYFUNCTION("""COMPUTED_VALUE"""),"Sebelum masuk pondok mohon diperbaiki makhorijul huruf dan hafalannya dilancarkan lagi dan di arahkan untuk semakin sering membaca Alquran agar semakin lancar.. juga saat membaca Alquran perhatikan huruf-hurufnya agar tidak salah huruf. ") -> Sebelum masuk pondok mohon diperbaiki makhorijul huruf dan hafalannya dilancarkan lagi dan di arahkan untuk semakin sering membaca Alquran agar semakin lancar.. juga saat membaca Alquran perhatikan huruf-hurufnya agar tidak salah huruf. | I61: =average(D61:E61) -> 80
A62: =IFERROR(__xludf.DUMMYFUNCTION("""COMPUTED_VALUE"""),"Hanifah azahra putri") -> Hanifah azahra putri | B62: =IFERROR(__xludf.DUMMYFUNCTION("""COMPUTED_VALUE"""),"D250022") -> D250022 | C62: =IFERROR(__xludf.DUMMYFUNCTION("""COMPUTED_VALUE"""),"MTs Putri") -> MTs Putri | D62: =IFERROR(__xludf.DUMMYFUNCTION("""COMPUTED_VALUE"""),80.0) -> 80 | E62: =IFERROR(__xludf.DUMMYFUNCTION("""COMPUTED_VALUE"""),75.0) -> 75 | F62: =IFERROR(__xludf.DUMMYFUNCTION("""COMPUTED_VALUE"""),"A. Diterima") -> A. Diterima | G62: =IFERROR(__xludf.DUMMYFUNCTION("""COMPUTED_VALUE"""),"Andi Fatimah Azzahra Rahman") -> Andi Fatimah Azzahra Rahman | H62: =IFERROR(__xludf.DUMMYFUNCTION("""COMPUTED_VALUE"""),"Bacaan alqurannya diperbanyak lagi agar semakin lancar bacaannya") -> Bacaan alqurannya diperbanyak lagi agar semakin lancar bacaannya | I62: =average(D62:E62) -> 77.5
A63: =IFERROR(__xludf.DUMMYFUNCTION("""COMPUTED_VALUE"""),"Janeeta Candy Hinata") -> Janeeta Candy Hinata | B63: =IFERROR(__xludf.DUMMYFUNCTION("""COMPUTED_VALUE"""),"D250004") -> D250004 | C63: =IFERROR(__xludf.DUMMYFUNCTION("""COMPUTED_VALUE"""),"MTs Putri") -> MTs Putri | D63: =IFERROR(__xludf.DUMMYFUNCTION("""COMPUTED_VALUE"""),90.0) -> 90 | E63: =IFERROR(__xludf.DUMMYFUNCTION("""COMPUTED_VALUE"""),90.0) -> 90 | F63: =IFERROR(__xludf.DUMMYFUNCTION("""COMPUTED_VALUE"""),"A. Diterima") -> A. Diterima | G63: =IFERROR(__xludf.DUMMYFUNCTION("""COMPUTED_VALUE"""),"Andi Fatimah Azzahra Rahman") -> Andi Fatimah Azzahra Rahman | I63: =average(D63:E63) -> 90
A64: =IFERROR(__xludf.DUMMYFUNCTION("""COMPUTED_VALUE"""),"Shakira Nur Aisyah") -> Shakira Nur Aisyah | B64: =IFERROR(__xludf.DUMMYFUNCTION("""COMPUTED_VALUE"""),"D250008") -> D250008 | C64: =IFERROR(__xludf.DUMMYFUNCTION("""COMPUTED_VALUE"""),"MTs Putri") -> MTs Putri | D64: =IFERROR(__xludf.DUMMYFUNCTION("""COMPUTED_VALUE"""),70.0) -> 70 | E64: =IFERROR(__xludf.DUMMYFUNCTION("""COMPUTED_VALUE"""),80.0) -> 80 | F64: =IFERROR(__xludf.DUMMYFUNCTION("""COMPUTED_VALUE"""),"A. Diterima") -> A. Diterima | G64: =IFERROR(__xludf.DUMMYFUNCTION("""COMPUTED_VALUE"""),"Andi Fatimah Azzahra Rahman") -> Andi Fatimah Azzahra Rahman | H64: =IFERROR(__xludf.DUMMYFUNCTION("""COMPUTED_VALUE"""),"Sebelum masuk pondok harus melancarkan bacaan Alquran lagi dan belajar tajwid. ") -> Sebelum masuk pondok harus melancarkan bacaan Alquran lagi dan belajar tajwid. | I64: =average(D64:E64) -> 75
A65: =IFERROR(__xludf.DUMMYFUNCTION("""COMPUTED_VALUE"""),"Qaesyara Siti Zafna Fitriyadi") -> Qaesyara Siti Zafna Fitriyadi | B65: =IFERROR(__xludf.DUMMYFUNCTION("""COMPUTED_VALUE"""),"D250017") -> D250017 | C65: =IFERROR(__xludf.DUMMYFUNCTION("""COMPUTED_VALUE"""),"MTs Putri") -> MTs Putri | D65: =IFERROR(__xludf.DUMMYFUNCTION("""COMPUTED_VALUE"""),80.0) -> 80 | E65: =IFERROR(__xludf.DUMMYFUNCTION("""COMPUTED_VALUE"""),79.0) -> 79 | F65: =IFERROR(__xludf.DUMMYFUNCTION("""COMPUTED_VALUE"""),"A. Diterima") -> A. Diterima | G65: =IFERROR(__xludf.DUMMYFUNCTION("""COMPUTED_VALUE"""),"Andi Fatimah Azzahra Rahman") -> Andi Fatimah Azzahra Rahman | H65: =IFERROR(__xludf.DUMMYFUNCTION("""COMPUTED_VALUE"""),"Sebelum masuk pondok diusahakan untuk banyak membaca Alquran agar bacaan semakin lancar dan melakukan bimbingan tajwid agar setiap huruf keluar dari makhorijul huruf dan hukum tajwidnya. ") -> Sebelum masuk pondok diusahakan untuk banyak membaca Alquran agar bacaan semakin lancar dan melakukan bimbingan tajwid agar setiap huruf keluar dari makhorijul huruf dan hukum tajwidnya. | I65: =average(D65:E65) -> 79.5
A66: =IFERROR(__xludf.DUMMYFUNCTION("""COMPUTED_VALUE"""),"Siti Azizah") -> Siti Azizah | B66: =IFERROR(__xludf.DUMMYFUNCTION("""COMPUTED_VALUE"""),"D250007") -> D250007 | C66: =IFERROR(__xludf.DUMMYFUNCTION("""COMPUTED_VALUE"""),"MTs Putri") -> MTs Putri | D66: =IFERROR(__xludf.DUMMYFUNCTION("""COMPUTED_VALUE"""),85.0) -> 85 | E66: =IFERROR(__xludf.DUMMYFUNCTION("""COMPUTED_VALUE"""),84.0) -> 84 | F66: =IFERROR(__xludf.DUMMYFUNCTION("""COMPUTED_VALUE"""),"A. Diterima") -> A. Diterima | G66: =IFERROR(__xludf.DUMMYFUNCTION("""COMPUTED_VALUE"""),"Andi Fatimah Azzahra Rahman") -> Andi Fatimah Azzahra Rahman | H66: =IFERROR(__xludf.DUMMYFUNCTION("""COMPUTED_VALUE"""),"Lebih banyak lagi tilawah pelan-pelan perhatikan panjang pendek dan perbaiki lagi tajwid nya. ") -> Lebih banyak lagi tilawah pelan-pelan perhatikan panjang pendek dan perbaiki lagi tajwid nya. | I66: =average(D66:E66) -> 84.5
A67: =IFERROR(__xludf.DUMMYFUNCTION("""COMPUTED_VALUE"""),"Adinda Humaira") -> Adinda Humaira | B67: =IFERROR(__xludf.DUMMYFUNCTION("""COMPUTED_VALUE"""),"E250004") -> E250004 | C67: =IFERROR(__xludf.DUMMYFUNCTION("""COMPUTED_VALUE"""),"IL Putri") -> IL Putri | D67: =IFERROR(__xludf.DUMMYFUNCTION("""COMPUTED_VALUE"""),80.0) -> 80 | E67: =IFERROR(__xludf.DUMMYFUNCTION("""COMPUTED_VALUE"""),90.0) -> 90 | F67: =IFERROR(__xludf.DUMMYFUNCTION("""COMPUTED_VALUE"""),"A. Diterima") -> A. Diterima | G67: =IFERROR(__xludf.DUMMYFUNCTION("""COMPUTED_VALUE"""),"Andi Fatimah Azzahra Rahman") -> Andi Fatimah Azzahra Rahman | H67: =IFERROR(__xludf.DUMMYFUNCTION("""COMPUTED_VALUE"""),"Sebelum masuk pondok lebih sering bimbingan perbaikan bacaan terutama pada panjang pendek dan makhorijul huruf saat membaca al quran .. hafalan di lancarkan lagi") -> Sebelum masuk pondok lebih sering bimbingan perbaikan bacaan terutama pada panjang pendek dan makhorijul huruf saat membaca al quran .. hafalan di lancarkan lagi | I67: =average(D67:E67) -> 85
A68: =IFERROR(__xludf.DUMMYFUNCTION("""COMPUTED_VALUE"""),"Maryam Al-Kayyisah ") -> Maryam Al-Kayyisah | B68: =IFERROR(__xludf.DUMMYFUNCTION("""COMPUTED_VALUE"""),"D250019") -> D250019 | C68: =IFERROR(__xludf.DUMMYFUNCTION("""COMPUTED_VALUE"""),"MTs Putri") -> MTs Putri | D68: =IFERROR(__xludf.DUMMYFUNCTION("""COMPUTED_VALUE"""),95.0) -> 95 | E68: =IFERROR(__xludf.DUMMYFUNCTION("""COMPUTED_VALUE"""),90.0) -> 90 | F68: =IFERROR(__xludf.DUMMYFUNCTION("""COMPUTED_VALUE"""),"A. Diterima") -> A. Diterima | G68: =IFERROR(__xludf.DUMMYFUNCTION("""COMPUTED_VALUE"""),"Andi Fatimah Azzahra Rahman") -> Andi Fatimah Azzahra Rahman | I68: =average(D68:E68) -> 92.5
A69: =IFERROR(__xludf.DUMMYFUNCTION("""COMPUTED_VALUE"""),"Rizkia Aulia Az zahra") -> Rizkia Aulia Az zahra | B69: =IFERROR(__xludf.DUMMYFUNCTION("""COMPUTED_VALUE"""),"D250013") -> D250013 | C69: =IFERROR(__xludf.DUMMYFUNCTION("""COMPUTED_VALUE"""),"MTs Putri") -> MTs Putri | D69: =IFERROR(__xludf.DUMMYFUNCTION("""COMPUTED_VALUE"""),90.0) -> 90 | E69: =IFERROR(__xludf.DUMMYFUNCTION("""COMPUTED_VALUE"""),80.0) -> 80 | F69: =IFERROR(__xludf.DUMMYFUNCTION("""COMPUTED_VALUE"""),"A. Diterima") -> A. Diterima | G69: =IFERROR(__xludf.DUMMYFUNCTION("""COMPUTED_VALUE"""),"Andi Fatimah Azzahra Rahman") -> Andi Fatimah Azzahra Rahman | H69: =IFERROR(__xludf.DUMMYFUNCTION("""COMPUTED_VALUE"""),"Bimbingan kelancaran bacaan lagi sebelum masuk pondok ") -> Bimbingan kelancaran bacaan lagi sebelum masuk pondok | I69: =average(D69:E69) -> 85
A70: =IFERROR(__xludf.DUMMYFUNCTION("""COMPUTED_VALUE"""),"alesha az zahra saputra") -> alesha az zahra saputra | B70: =IFERROR(__xludf.DUMMYFUNCTION("""COMPUTED_VALUE"""),"D250011") -> D250011 | C70: =IFERROR(__xludf.DUMMYFUNCTION("""COMPUTED_VALUE"""),"MTs Putri") -> MTs Putri | D70: =IFERROR(__xludf.DUMMYFUNCTION("""COMPUTED_VALUE"""),78.0) -> 78 | E70: =IFERROR(__xludf.DUMMYFUNCTION("""COMPUTED_VALUE"""),80.0) -> 80 | F70: =IFERROR(__xludf.DUMMYFUNCTION("""COMPUTED_VALUE"""),"A. Diterima") -> A. Diterima | G70: =IFERROR(__xludf.DUMMYFUNCTION("""COMPUTED_VALUE"""),"Andi Fatimah Azzahra Rahman") -> Andi Fatimah Azzahra Rahman | H70: =IFERROR(__xludf.DUMMYFUNCTION("""COMPUTED_VALUE"""),"Lebih giat membaca Alquran agar semakin lancar dan memperhatikan hukum tajwid sebelum masuk pondok") -> Lebih giat membaca Alquran agar semakin lancar dan memperhatikan hukum tajwid sebelum masuk pondok | I70: =average(D70:E70) -> 79
A71: =IFERROR(__xludf.DUMMYFUNCTION("""COMPUTED_VALUE"""),"Nisrina Qurrota Aini ") -> Nisrina Qurrota Aini | B71: =IFERROR(__xludf.DUMMYFUNCTION("""COMPUTED_VALUE"""),"E250003") -> E250003 | C71: =IFERROR(__xludf.DUMMYFUNCTION("""COMPUTED_VALUE"""),"MTs Putri") -> MTs Putri | D71: =IFERROR(__xludf.DUMMYFUNCTION("""COMPUTED_VALUE"""),85.0) -> 85 | E71: =IFERROR(__xludf.DUMMYFUNCTION("""COMPUTED_VALUE"""),90.0) -> 90 | F71: =IFERROR(__xludf.DUMMYFUNCTION("""COMPUTED_VALUE"""),"A. Diterima") -> A. Diterima | G71: =IFERROR(__xludf.DUMMYFUNCTION("""COMPUTED_VALUE"""),"Andi Fatimah Azzahra Rahman") -> Andi Fatimah Azzahra Rahman | H71: =IFERROR(__xludf.DUMMYFUNCTION("""COMPUTED_VALUE"""),"Lebih giat bimbingan tajwid dan dilancarkan kembali hafalannya") -> Lebih giat bimbingan tajwid dan dilancarkan kembali hafalannya | I71: =average(D71:E71) -> 87.5
A72: =IFERROR(__xludf.DUMMYFUNCTION("""COMPUTED_VALUE"""),"Anastasya Putri") -> Anastasya Putri | B72: =IFERROR(__xludf.DUMMYFUNCTION("""COMPUTED_VALUE"""),"D250012") -> D250012 | C72: =IFERROR(__xludf.DUMMYFUNCTION("""COMPUTED_VALUE"""),"MTs Putri") -> MTs Putri | D72: =IFERROR(__xludf.DUMMYFUNCTION("""COMPUTED_VALUE"""),65.0) -> 65 | E72: =IFERROR(__xludf.DUMMYFUNCTION("""COMPUTED_VALUE"""),65.0) -> 65 | F72: =IFERROR(__xludf.DUMMYFUNCTION("""COMPUTED_VALUE"""),"B. Cadangan") -> B. Cadangan | G72: =IFERROR(__xludf.DUMMYFUNCTION("""COMPUTED_VALUE"""),"Andi Fatimah Azzahra Rahman") -> Andi Fatimah Azzahra Rahman | I72: =average(D72:E72) -> 65
A73: =IFERROR(__xludf.DUMMYFUNCTION("""COMPUTED_VALUE"""),"Qisya Rahma Kamila") -> Qisya Rahma Kamila | B73: =IFERROR(__xludf.DUMMYFUNCTION("""COMPUTED_VALUE"""),"D250001") -> D250001 | C73: =IFERROR(__xludf.DUMMYFUNCTION("""COMPUTED_VALUE"""),"MTs Putri") -> MTs Putri | D73: =IFERROR(__xludf.DUMMYFUNCTION("""COMPUTED_VALUE"""),85.0) -> 85 | E73: =IFERROR(__xludf.DUMMYFUNCTION("""COMPUTED_VALUE"""),85.0) -> 85 | F73: =IFERROR(__xludf.DUMMYFUNCTION("""COMPUTED_VALUE"""),"A. Diterima") -> A. Diterima | G73: =IFERROR(__xludf.DUMMYFUNCTION("""COMPUTED_VALUE"""),"Andi Fatimah Azzahra Rahman") -> Andi Fatimah Azzahra Rahman | H73: =IFERROR(__xludf.DUMMYFUNCTION("""COMPUTED_VALUE"""),"Sebelum masuk pondok lebih giat bimbingan tahsin agar panjang pendek lebih stabil dan tajwid semakin baik") -> Sebelum masuk pondok lebih giat bimbingan tahsin agar panjang pendek lebih stabil dan tajwid semakin baik | I73: =average(D73:E73) -> 85
A74: =IFERROR(__xludf.DUMMYFUNCTION("""COMPUTED_VALUE"""),"Muhammad Al Fatih Fadhly") -> Muhammad Al Fatih Fadhly | B74: =IFERROR(__xludf.DUMMYFUNCTION("""COMPUTED_VALUE"""),"A250054") -> A250054 | C74: =IFERROR(__xludf.DUMMYFUNCTION("""COMPUTED_VALUE"""),"MTs Putra") -> MTs Putra | D74: =IFERROR(__xludf.DUMMYFUNCTION("""COMPUTED_VALUE"""),80.0) -> 80 | E74: =IFERROR(__xludf.DUMMYFUNCTION("""COMPUTED_VALUE"""),75.0) -> 75 | F74: =IFERROR(__xludf.DUMMYFUNCTION("""COMPUTED_VALUE"""),"B. Cadangan") -> B. Cadangan | G74: =IFERROR(__xludf.DUMMYFUNCTION("""COMPUTED_VALUE"""),"Jusman") -> Jusman | I74: =average(D74:E74) -> 77.5
A75: =IFERROR(__xludf.DUMMYFUNCTION("""COMPUTED_VALUE"""),"Adhyasta Widyadhana") -> Adhyasta Widyadhana | B75: =IFERROR(__xludf.DUMMYFUNCTION("""COMPUTED_VALUE"""),"C250014") -> C250014 | C75: =IFERROR(__xludf.DUMMYFUNCTION("""COMPUTED_VALUE"""),"SMA Putra") -> SMA Putra | D75: =IFERROR(__xludf.DUMMYFUNCTION("""COMPUTED_VALUE"""),95.0) -> 95 | E75: =IFERROR(__xludf.DUMMYFUNCTION("""COMPUTED_VALUE"""),90.0) -> 90 | F75: =IFERROR(__xludf.DUMMYFUNCTION("""COMPUTED_VALUE"""),"A. Diterima") -> A. Diterima | G75: =IFERROR(__xludf.DUMMYFUNCTION("""COMPUTED_VALUE"""),"Jusman") -> Jusman | H75: =IFERROR(__xludf.DUMMYFUNCTION("""COMPUTED_VALUE"""),"Alhamdulillah ketika tes hafalan banyak ayat yang bisa disambung") -> Alhamdulillah ketika tes hafalan banyak ayat yang bisa disambung | I75: =average(D75:E75) -> 92.5
A76: =IFERROR(__xludf.DUMMYFUNCTION("""COMPUTED_VALUE"""),"Azkia Salsabila ") -> Azkia Salsabila | B76: =IFERROR(__xludf.DUMMYFUNCTION("""COMPUTED_VALUE"""),"E250006") -> E250006 | C76: =IFERROR(__xludf.DUMMYFUNCTION("""COMPUTED_VALUE"""),"IL Putri") -> IL Putri | D76: =IFERROR(__xludf.DUMMYFUNCTION("""COMPUTED_VALUE"""),90.0) -> 90 | E76: =IFERROR(__xludf.DUMMYFUNCTION("""COMPUTED_VALUE"""),95.0) -> 95 | F76: =IFERROR(__xludf.DUMMYFUNCTION("""COMPUTED_VALUE"""),"A. Diterima") -> A. Diterima | G76: =IFERROR(__xludf.DUMMYFUNCTION("""COMPUTED_VALUE"""),"Andi Fatimah Azzahra Rahman") -> Andi Fatimah Azzahra Rahman | I76: =average(D76:E76) -> 92.5
A77: =IFERROR(__xludf.DUMMYFUNCTION("""COMPUTED_VALUE"""),"Hana Dwi Rinjani") -> Hana Dwi Rinjani | B77: =IFERROR(__xludf.DUMMYFUNCTION("""COMPUTED_VALUE"""),"D250024") -> D250024 | C77: =IFERROR(__xludf.DUMMYFUNCTION("""COMPUTED_VALUE"""),"MTs Putri") -> MTs Putri | D77: =IFERROR(__xludf.DUMMYFUNCTION("""COMPUTED_VALUE"""),85.0) -> 85 | E77: =IFERROR(__xludf.DUMMYFUNCTION("""COMPUTED_VALUE"""),85.0) -> 85 | F77: =IFERROR(__xludf.DUMMYFUNCTION("""COMPUTED_VALUE"""),"A. Diterima") -> A. Diterima | G77: =IFERROR(__xludf.DUMMYFUNCTION("""COMPUTED_VALUE"""),"Andi Fatimah Azzahra Rahman") -> Andi Fatimah Azzahra Rahman | H77: =IFERROR(__xludf.DUMMYFUNCTION("""COMPUTED_VALUE"""),"lebih giat bimbingan tahsin sebelum masuk pondok agar lebih baik panjang pendek nya") -> lebih giat bimbingan tahsin sebelum masuk pondok agar lebih baik panjang pendek nya | I77: =average(D77:E77) -> 85
A78: =IFERROR(__xludf.DUMMYFUNCTION("""COMPUTED_VALUE"""),"Satria Ibrahim Tamaoki") -> Satria Ibrahim Tamaoki | B78: =IFERROR(__xludf.DUMMYFUNCTION("""COMPUTED_VALUE"""),"A250072") -> A250072 | C78: =IFERROR(__xludf.DUMMYFUNCTION("""COMPUTED_VALUE"""),"MTs Putra") -> MTs Putra | D78: =IFERROR(__xludf.DUMMYFUNCTION("""COMPUTED_VALUE"""),88.0) -> 88 | E78: =IFERROR(__xludf.DUMMYFUNCTION("""COMPUTED_VALUE"""),87.0) -> 87 | F78: =IFERROR(__xludf.DUMMYFUNCTION("""COMPUTED_VALUE"""),"A. Diterima") -> A. Diterima | G78: =IFERROR(__xludf.DUMMYFUNCTION("""COMPUTED_VALUE"""),"Jusman") -> Jusman | H78: =IFERROR(__xludf.DUMMYFUNCTION("""COMPUTED_VALUE"""),"Alhamdulillah, dari 15 soal yang dilontarkan untuk tes hafalan 1 Juz( Juz 30) hanya 2 soal yang perlu dibantu sedikit, selebihnya lancar. Ghunnahnya sudah bagus hanya ada beberapa kata yang tidak konsisten dalam penggunaan ghunnah.") -> Alhamdulillah, dari 15 soal yang dilontarkan untuk tes hafalan 1 Juz( Juz 30) hanya 2 soal yang perlu dibantu sedikit, selebihnya lancar. Ghunnahnya sudah bagus hanya ada beberapa kata yang tidak konsisten dalam penggunaan ghunnah. | I78: =average(D78:E78) -> 87.5
A79: =IFERROR(__xludf.DUMMYFUNCTION("""COMPUTED_VALUE"""),"Abdurrahman Hafizh Ayyasi") -> Abdurrahman Hafizh Ayyasi | B79: =IFERROR(__xludf.DUMMYFUNCTION("""COMPUTED_VALUE"""),"B250013") -> B250013 | C79: =IFERROR(__xludf.DUMMYFUNCTION("""COMPUTED_VALUE"""),"IL Putra") -> IL Putra | D79: =IFERROR(__xludf.DUMMYFUNCTION("""COMPUTED_VALUE"""),70.0) -> 70 | E79: =IFERROR(__xludf.DUMMYFUNCTION("""COMPUTED_VALUE"""),75.0) -> 75 | F79: =IFERROR(__xludf.DUMMYFUNCTION("""COMPUTED_VALUE"""),"B. Cadangan") -> B. Cadangan | G79: =IFERROR(__xludf.DUMMYFUNCTION("""COMPUTED_VALUE"""),"Fuad Khomsatun") -> Fuad Khomsatun | H79: =IFERROR(__xludf.DUMMYFUNCTION("""COMPUTED_VALUE"""),"bacaan lancar ngawur") -> bacaan lancar ngawur | I79: =average(D79:E79) -> 72.5
A80: =IFERROR(__xludf.DUMMYFUNCTION("""COMPUTED_VALUE"""),"Shafwan Iyadh Addarimy") -> Shafwan Iyadh Addarimy | B80: =IFERROR(__xludf.DUMMYFUNCTION("""COMPUTED_VALUE"""),"A250024") -> A250024 | C80: =IFERROR(__xludf.DUMMYFUNCTION("""COMPUTED_VALUE"""),"MTs Putra") -> MTs Putra | D80: =IFERROR(__xludf.DUMMYFUNCTION("""COMPUTED_VALUE"""),85.0) -> 85 | E80: =IFERROR(__xludf.DUMMYFUNCTION("""COMPUTED_VALUE"""),87.0) -> 87 | F80: =IFERROR(__xludf.DUMMYFUNCTION("""COMPUTED_VALUE"""),"A. Diterima") -> A. Diterima | G80: =IFERROR(__xludf.DUMMYFUNCTION("""COMPUTED_VALUE"""),"Fuad Khomsatun") -> Fuad Khomsatun | H80: =IFERROR(__xludf.DUMMYFUNCTION("""COMPUTED_VALUE"""),"abi nya agak ngegas beremosi ") -> abi nya agak ngegas beremosi | I80: =average(D80:E80) -> 86
A81: =IFERROR(__xludf.DUMMYFUNCTION("""COMPUTED_VALUE"""),"Akhdan ") -> Akhdan | B81: =IFERROR(__xludf.DUMMYFUNCTION("""COMPUTED_VALUE"""),"A250017") -> A250017 | C81: =IFERROR(__xludf.DUMMYFUNCTION("""COMPUTED_VALUE"""),"MTs Putra") -> MTs Putra | D81: =IFERROR(__xludf.DUMMYFUNCTION("""COMPUTED_VALUE"""),82.0) -> 82 | E81: =IFERROR(__xludf.DUMMYFUNCTION("""COMPUTED_VALUE"""),80.0) -> 80 | F81: =IFERROR(__xludf.DUMMYFUNCTION("""COMPUTED_VALUE"""),"A. Diterima") -> A. Diterima | G81: =IFERROR(__xludf.DUMMYFUNCTION("""COMPUTED_VALUE"""),"Fuad Khomsatun") -> Fuad Khomsatun | I81: =average(D81:E81) -> 81
A82: =IFERROR(__xludf.DUMMYFUNCTION("""COMPUTED_VALUE"""),"Alifadhilah Irhab Hauzan") -> Alifadhilah Irhab Hauzan | B82: =IFERROR(__xludf.DUMMYFUNCTION("""COMPUTED_VALUE"""),"C250020") -> C250020 | C82: =IFERROR(__xludf.DUMMYFUNCTION("""COMPUTED_VALUE"""),"SMA Putra") -> SMA Putra | D82: =IFERROR(__xludf.DUMMYFUNCTION("""COMPUTED_VALUE"""),75.0) -> 75 | E82: =IFERROR(__xludf.DUMMYFUNCTION("""COMPUTED_VALUE"""),78.0) -> 78 | F82: =IFERROR(__xludf.DUMMYFUNCTION("""COMPUTED_VALUE"""),"B. Cadangan") -> B. Cadangan | G82: =IFERROR(__xludf.DUMMYFUNCTION("""COMPUTED_VALUE"""),"Fuad Khomsatun") -> Fuad Khomsatun | H82: =IFERROR(__xludf.DUMMYFUNCTION("""COMPUTED_VALUE"""),"kurang konkret") -> kurang konkret | I82: =average(D82:E82) -> 76.5
A83: =IFERROR(__xludf.DUMMYFUNCTION("""COMPUTED_VALUE"""),"Umar ") -> Umar | B83: =IFERROR(__xludf.DUMMYFUNCTION("""COMPUTED_VALUE"""),"A250027") -> A250027 | C83: =IFERROR(__xludf.DUMMYFUNCTION("""COMPUTED_VALUE"""),"MTs Putra") -> MTs Putra | D83: =IFERROR(__xludf.DUMMYFUNCTION("""COMPUTED_VALUE"""),75.0) -> 75 | E83: =IFERROR(__xludf.DUMMYFUNCTION("""COMPUTED_VALUE"""),75.0) -> 75 | F83: =IFERROR(__xludf.DUMMYFUNCTION("""COMPUTED_VALUE"""),"B. Cadangan") -> B. Cadangan | G83: =IFERROR(__xludf.DUMMYFUNCTION("""COMPUTED_VALUE"""),"Fuad Khomsatun") -> Fuad Khomsatun | H83: =IFERROR(__xludf.DUMMYFUNCTION("""COMPUTED_VALUE"""),"mad nya masih kurang dikit") -> mad nya masih kurang dikit | I83: =average(D83:E83) -> 75
A84: =IFERROR(__xludf.DUMMYFUNCTION("""COMPUTED_VALUE"""),"Fatan Ihya As-sunnah A250031") -> Fatan Ihya As-sunnah A250031 | B84: =IFERROR(__xludf.DUMMYFUNCTION("""COMPUTED_VALUE"""),"A250031") -> A250031 | C84: =IFERROR(__xludf.DUMMYFUNCTION("""COMPUTED_VALUE"""),"MTs Putra") -> MTs Putra | D84: =IFERROR(__xludf.DUMMYFUNCTION("""COMPUTED_VALUE"""),82.0) -> 82 | E84: =IFERROR(__xludf.DUMMYFUNCTION("""COMPUTED_VALUE"""),80.0) -> 80 | F84: =IFERROR(__xludf.DUMMYFUNCTION("""COMPUTED_VALUE"""),"A. Diterima") -> A. Diterima | G84: =IFERROR(__xludf.DUMMYFUNCTION("""COMPUTED_VALUE"""),"Fuad Khomsatun") -> Fuad Khomsatun | H84: =IFERROR(__xludf.DUMMYFUNCTION("""COMPUTED_VALUE"""),"nafas agak pendek, ada beberapa mad yg jadi qosr") -> nafas agak pendek, ada beberapa mad yg jadi qosr | I84: =average(D84:E84) -> 81
A85: =IFERROR(__xludf.DUMMYFUNCTION("""COMPUTED_VALUE"""),"Nizar") -> Nizar | B85: =IFERROR(__xludf.DUMMYFUNCTION("""COMPUTED_VALUE"""),"C250009") -> C250009 | C85: =IFERROR(__xludf.DUMMYFUNCTION("""COMPUTED_VALUE"""),"SMA Putra") -> SMA Putra | D85: =IFERROR(__xludf.DUMMYFUNCTION("""COMPUTED_VALUE"""),95.0) -> 95 | E85: =IFERROR(__xludf.DUMMYFUNCTION("""COMPUTED_VALUE"""),90.0) -> 90 | F85: =IFERROR(__xludf.DUMMYFUNCTION("""COMPUTED_VALUE"""),"A. Diterima") -> A. Diterima | G85: =IFERROR(__xludf.DUMMYFUNCTION("""COMPUTED_VALUE"""),"Jusman") -> Jusman | H85: =IFERROR(__xludf.DUMMYFUNCTION("""COMPUTED_VALUE"""),"Alhamdulillah dari 15 soal yang diujikan mulai juz 27-30, ananda Nizar menjawab dengan baik kecuali 2 soal yang dibantu") -> Alhamdulillah dari 15 soal yang diujikan mulai juz 27-30, ananda Nizar menjawab dengan baik kecuali 2 soal yang dibantu | I85: =average(D85:E85) -> 92.5
A86: =IFERROR(__xludf.DUMMYFUNCTION("""COMPUTED_VALUE"""),"Ahadan Nazka Harits") -> Ahadan Nazka Harits | B86: =IFERROR(__xludf.DUMMYFUNCTION("""COMPUTED_VALUE"""),"B250024") -> B250024 | C86: =IFERROR(__xludf.DUMMYFUNCTION("""COMPUTED_VALUE"""),"IL Putra") -> IL Putra | D86: =IFERROR(__xludf.DUMMYFUNCTION("""COMPUTED_VALUE"""),75.0) -> 75 | E86: =IFERROR(__xludf.DUMMYFUNCTION("""COMPUTED_VALUE"""),80.0) -> 80 | F86: =IFERROR(__xludf.DUMMYFUNCTION("""COMPUTED_VALUE"""),"B. Cadangan") -> B. Cadangan | G86: =IFERROR(__xludf.DUMMYFUNCTION("""COMPUTED_VALUE"""),"Agus Cahyono") -> Agus Cahyono | H86: =IFERROR(__xludf.DUMMYFUNCTION("""COMPUTED_VALUE"""),"Bacaannya terlalu tergesa-gesa, sehingga banyak hukum tajwid yg di abaikan. ") -> Bacaannya terlalu tergesa-gesa, sehingga banyak hukum tajwid yg di abaikan. | I86: =average(D86:E86) -> 77.5
A87: =IFERROR(__xludf.DUMMYFUNCTION("""COMPUTED_VALUE"""),"Abdurrahman Umar") -> Abdurrahman Umar | B87: =IFERROR(__xludf.DUMMYFUNCTION("""COMPUTED_VALUE"""),"C250004") -> C250004 | C87: =IFERROR(__xludf.DUMMYFUNCTION("""COMPUTED_VALUE"""),"SMA Putra") -> SMA Putra | D87: =IFERROR(__xludf.DUMMYFUNCTION("""COMPUTED_VALUE"""),90.0) -> 90 | E87: =IFERROR(__xludf.DUMMYFUNCTION("""COMPUTED_VALUE"""),90.0) -> 90 | F87: =IFERROR(__xludf.DUMMYFUNCTION("""COMPUTED_VALUE"""),"A. Diterima") -> A. Diterima | G87: =IFERROR(__xludf.DUMMYFUNCTION("""COMPUTED_VALUE"""),"Agus Cahyono") -> Agus Cahyono | H87: =IFERROR(__xludf.DUMMYFUNCTION("""COMPUTED_VALUE"""),"Alhamdulillah ananda punya hafalan 5 juz. Setelah di ujialhamdulillah ananda bisa menjawab . Sedikit macet di juz 27. ") -> Alhamdulillah ananda punya hafalan 5 juz. Setelah di ujialhamdulillah ananda bisa menjawab . Sedikit macet di juz 27. | I87: =average(D87:E87) -> 90
A88: =IFERROR(__xludf.DUMMYFUNCTION("""COMPUTED_VALUE"""),"Muhamad Nizar") -> Muhamad Nizar | B88: =IFERROR(__xludf.DUMMYFUNCTION("""COMPUTED_VALUE"""),"A250061") -> A250061 | C88: =IFERROR(__xludf.DUMMYFUNCTION("""COMPUTED_VALUE"""),"MTs Putra") -> MTs Putra | D88: =IFERROR(__xludf.DUMMYFUNCTION("""COMPUTED_VALUE"""),80.0) -> 80 | E88: =IFERROR(__xludf.DUMMYFUNCTION("""COMPUTED_VALUE"""),80.0) -> 80 | F88: =IFERROR(__xludf.DUMMYFUNCTION("""COMPUTED_VALUE"""),"B. Cadangan") -> B. Cadangan | G88: =IFERROR(__xludf.DUMMYFUNCTION("""COMPUTED_VALUE"""),"Agus Cahyono") -> Agus Cahyono | H88: =IFERROR(__xludf.DUMMYFUNCTION("""COMPUTED_VALUE"""),"Masih perlu di Latih untuk Hukum tajwid nya,.") -> Masih perlu di Latih untuk Hukum tajwid nya,. | I88: =average(D88:E88) -> 80
A89: =IFERROR(__xludf.DUMMYFUNCTION("""COMPUTED_VALUE"""),"M. Rezza Putra Darma") -> M. Rezza Putra Darma | B89: =IFERROR(__xludf.DUMMYFUNCTION("""COMPUTED_VALUE"""),"A250038") -> A250038 | C89: =IFERROR(__xludf.DUMMYFUNCTION("""COMPUTED_VALUE"""),"MTs Putra") -> MTs Putra | D89: =IFERROR(__xludf.DUMMYFUNCTION("""COMPUTED_VALUE"""),65.0) -> 65 | E89: =IFERROR(__xludf.DUMMYFUNCTION("""COMPUTED_VALUE"""),50.0) -> 50 | F89: =IFERROR(__xludf.DUMMYFUNCTION("""COMPUTED_VALUE"""),"C. Ditolak") -> C. Ditolak | G89: =IFERROR(__xludf.DUMMYFUNCTION("""COMPUTED_VALUE"""),"Agus Cahyono") -> Agus Cahyono | I89: =average(D89:E89) -> 57.5
A90: =IFERROR(__xludf.DUMMYFUNCTION("""COMPUTED_VALUE"""),"Khalid Muhammad Affiq") -> Khalid Muhammad Affiq | B90: =IFERROR(__xludf.DUMMYFUNCTION("""COMPUTED_VALUE"""),"A250051") -> A250051 | C90: =IFERROR(__xludf.DUMMYFUNCTION("""COMPUTED_VALUE"""),"MTs Putra") -> MTs Putra | D90: =IFERROR(__xludf.DUMMYFUNCTION("""COMPUTED_VALUE"""),87.0) -> 87 | E90: =IFERROR(__xludf.DUMMYFUNCTION("""COMPUTED_VALUE"""),90.0) -> 90 | F90: =IFERROR(__xludf.DUMMYFUNCTION("""COMPUTED_VALUE"""),"A. Diterima") -> A. Diterima | G90: =IFERROR(__xludf.DUMMYFUNCTION("""COMPUTED_VALUE"""),"Agus Cahyono") -> Agus Cahyono | H90: =IFERROR(__xludf.DUMMYFUNCTION("""COMPUTED_VALUE"""),"Ananda punya potensi untuk bisa mengembangkan Bacaannya in syaa allah. ") -> Ananda punya potensi untuk bisa mengembangkan Bacaannya in syaa allah. | I90: =average(D90:E90) -> 88.5
A91: =IFERROR(__xludf.DUMMYFUNCTION("""COMPUTED_VALUE"""),"Muhammad Ghaza") -> Muhammad Ghaza | B91: =IFERROR(__xludf.DUMMYFUNCTION("""COMPUTED_VALUE"""),"C250013") -> C250013 | C91: =IFERROR(__xludf.DUMMYFUNCTION("""COMPUTED_VALUE"""),"IL Putra") -> IL Putra | D91: =IFERROR(__xludf.DUMMYFUNCTION("""COMPUTED_VALUE"""),90.0) -> 90 | E91: =IFERROR(__xludf.DUMMYFUNCTION("""COMPUTED_VALUE"""),88.0) -> 88 | F91: =IFERROR(__xludf.DUMMYFUNCTION("""COMPUTED_VALUE"""),"A. Diterima") -> A. Diterima | G91: =IFERROR(__xludf.DUMMYFUNCTION("""COMPUTED_VALUE"""),"Agus Cahyono") -> Agus Cahyono | H91: =IFERROR(__xludf.DUMMYFUNCTION("""COMPUTED_VALUE"""),"Ananda daftar SMA, tp setelah di tes Hafalannya, masih perlu di murojaah lagi. Jd lebih cocok di IL dulu. Bacaannya bagus alhamdulillah. ") -> Ananda daftar SMA, tp setelah di tes Hafalannya, masih perlu di murojaah lagi. Jd lebih cocok di IL dulu. Bacaannya bagus alhamdulillah. | I91: =average(D91:E91) -> 89
A92: =IFERROR(__xludf.DUMMYFUNCTION("""COMPUTED_VALUE"""),"Ali Barqi Assaif") -> Ali Barqi Assaif | B92: =IFERROR(__xludf.DUMMYFUNCTION("""COMPUTED_VALUE"""),"B250007") -> B250007 | C92: =IFERROR(__xludf.DUMMYFUNCTION("""COMPUTED_VALUE"""),"IL Putra") -> IL Putra | D92: =IFERROR(__xludf.DUMMYFUNCTION("""COMPUTED_VALUE"""),90.0) -> 90 | E92: =IFERROR(__xludf.DUMMYFUNCTION("""COMPUTED_VALUE"""),90.0) -> 90 | F92: =IFERROR(__xludf.DUMMYFUNCTION("""COMPUTED_VALUE"""),"A. Diterima") -> A. Diterima | G92: =IFERROR(__xludf.DUMMYFUNCTION("""COMPUTED_VALUE"""),"Agus Cahyono") -> Agus Cahyono | H92: =IFERROR(__xludf.DUMMYFUNCTION("""COMPUTED_VALUE"""),"Alhamdulillah., ") -> Alhamdulillah., | I92: =average(D92:E92) -> 90
A93: =IFERROR(__xludf.DUMMYFUNCTION("""COMPUTED_VALUE"""),"Muhammad Syauqi Abdul Haq") -> Muhammad Syauqi Abdul Haq | B93: =IFERROR(__xludf.DUMMYFUNCTION("""COMPUTED_VALUE"""),"A250069") -> A250069 | C93: =IFERROR(__xludf.DUMMYFUNCTION("""COMPUTED_VALUE"""),"MTs Putra") -> MTs Putra | D93: =IFERROR(__xludf.DUMMYFUNCTION("""COMPUTED_VALUE"""),50.0) -> 50 | E93: =IFERROR(__xludf.DUMMYFUNCTION("""COMPUTED_VALUE"""),50.0) -> 50 | F93: =IFERROR(__xludf.DUMMYFUNCTION("""COMPUTED_VALUE"""),"C. Ditolak") -> C. Ditolak | G93: =IFERROR(__xludf.DUMMYFUNCTION("""COMPUTED_VALUE"""),"Agus Cahyono") -> Agus Cahyono | H93: =IFERROR(__xludf.DUMMYFUNCTION("""COMPUTED_VALUE"""),"Masih sangat perlu banyak tilawah dan belajar.") -> Masih sangat perlu banyak tilawah dan belajar. | I93: =average(D93:E93) -> 50
A94: =IFERROR(__xludf.DUMMYFUNCTION("""COMPUTED_VALUE"""),"Farid") -> Farid | B94: =IFERROR(__xludf.DUMMYFUNCTION("""COMPUTED_VALUE"""),"B250027") -> B250027 | C94: =IFERROR(__xludf.DUMMYFUNCTION("""COMPUTED_VALUE"""),"IL Putra") -> IL Putra | D94: =IFERROR(__xludf.DUMMYFUNCTION("""COMPUTED_VALUE"""),75.0) -> 75 | E94: =IFERROR(__xludf.DUMMYFUNCTION("""COMPUTED_VALUE"""),73.0) -> 73 | F94: =IFERROR(__xludf.DUMMYFUNCTION("""COMPUTED_VALUE"""),"C. Ditolak") -> C. Ditolak | G94: =IFERROR(__xludf.DUMMYFUNCTION("""COMPUTED_VALUE"""),"Jusman") -> Jusman | I94: =average(D94:E94) -> 74
A95: =IFERROR(__xludf.DUMMYFUNCTION("""COMPUTED_VALUE"""),"Abas Raihan") -> Abas Raihan | B95: =IFERROR(__xludf.DUMMYFUNCTION("""COMPUTED_VALUE"""),"B250019") -> B250019 | C95: =IFERROR(__xludf.DUMMYFUNCTION("""COMPUTED_VALUE"""),"IL Putra") -> IL Putra | D95: =IFERROR(__xludf.DUMMYFUNCTION("""COMPUTED_VALUE"""),85.0) -> 85 | E95: =IFERROR(__xludf.DUMMYFUNCTION("""COMPUTED_VALUE"""),82.0) -> 82 | F95: =IFERROR(__xludf.DUMMYFUNCTION("""COMPUTED_VALUE"""),"B. Cadangan") -> B. Cadangan | G95: =IFERROR(__xludf.DUMMYFUNCTION("""COMPUTED_VALUE"""),"Jusman") -> Jusman | I95: =average(D95:E95) -> 83.5
A96: =IFERROR(__xludf.DUMMYFUNCTION("""COMPUTED_VALUE"""),"Fathan Syahril Suseno") -> Fathan Syahril Suseno | B96: =IFERROR(__xludf.DUMMYFUNCTION("""COMPUTED_VALUE"""),"C250016") -> C250016 | C96: =IFERROR(__xludf.DUMMYFUNCTION("""COMPUTED_VALUE"""),"SMA Putra") -> SMA Putra | D96: =IFERROR(__xludf.DUMMYFUNCTION("""COMPUTED_VALUE"""),85.0) -> 85 | E96: =IFERROR(__xludf.DUMMYFUNCTION("""COMPUTED_VALUE"""),70.0) -> 70 | F96: =IFERROR(__xludf.DUMMYFUNCTION("""COMPUTED_VALUE"""),"C. Ditolak") -> C. Ditolak | G96: =IFERROR(__xludf.DUMMYFUNCTION("""COMPUTED_VALUE"""),"Jusman") -> Jusman | I96: =average(D96:E96) -> 77.5
A97: =IFERROR(__xludf.DUMMYFUNCTION("""COMPUTED_VALUE"""),"Ehsan Kazim") -> Ehsan Kazim | B97: =IFERROR(__xludf.DUMMYFUNCTION("""COMPUTED_VALUE"""),"A250074") -> A250074 | C97: =IFERROR(__xludf.DUMMYFUNCTION("""COMPUTED_VALUE"""),"MTs Putra") -> MTs Putra | D97: =IFERROR(__xludf.DUMMYFUNCTION("""COMPUTED_VALUE"""),99.0) -> 99 | E97: =IFERROR(__xludf.DUMMYFUNCTION("""COMPUTED_VALUE"""),100.0) -> 100 | F97: =IFERROR(__xludf.DUMMYFUNCTION("""COMPUTED_VALUE"""),"A. Diterima") -> A. Diterima | G97: =IFERROR(__xludf.DUMMYFUNCTION("""COMPUTED_VALUE"""),"Jusman") -> Jusman | H97: =IFERROR(__xludf.DUMMYFUNCTION("""COMPUTED_VALUE"""),"Kisanak dari Batam ini, bacaannya indah sekali dibaca dengan tartil, suara merdu dan fasih, hafalannya sudah 30 juz.") -> Kisanak dari Batam ini, bacaannya indah sekali dibaca dengan tartil, suara merdu dan fasih, hafalannya sudah 30 juz. | I97: =average(D97:E97) -> 99.5
A98: =IFERROR(__xludf.DUMMYFUNCTION("""COMPUTED_VALUE"""),"Putra Perdana") -> Putra Perdana | B98: =IFERROR(__xludf.DUMMYFUNCTION("""COMPUTED_VALUE"""),"A250003") -> A250003 | C98: =IFERROR(__xludf.DUMMYFUNCTION("""COMPUTED_VALUE"""),"MTs Putra") -> MTs Putra | D98: =IFERROR(__xludf.DUMMYFUNCTION("""COMPUTED_VALUE"""),65.0) -> 65 | E98: =IFERROR(__xludf.DUMMYFUNCTION("""COMPUTED_VALUE"""),65.0) -> 65 | F98: =IFERROR(__xludf.DUMMYFUNCTION("""COMPUTED_VALUE"""),"C. Ditolak") -> C. Ditolak | G98: =IFERROR(__xludf.DUMMYFUNCTION("""COMPUTED_VALUE"""),"Jusman") -> Jusman | I98: =average(D98:E98) -> 65
A99: =IFERROR(__xludf.DUMMYFUNCTION("""COMPUTED_VALUE"""),"Umar Syahid") -> Umar Syahid | B99: =IFERROR(__xludf.DUMMYFUNCTION("""COMPUTED_VALUE"""),"A250078") -> A250078 | C99: =IFERROR(__xludf.DUMMYFUNCTION("""COMPUTED_VALUE"""),"MTs Putra") -> MTs Putra | D99: =IFERROR(__xludf.DUMMYFUNCTION("""COMPUTED_VALUE"""),74.0) -> 74 | E99: =IFERROR(__xludf.DUMMYFUNCTION("""COMPUTED_VALUE"""),75.0) -> 75 | F99: =IFERROR(__xludf.DUMMYFUNCTION("""COMPUTED_VALUE"""),"B. Cadangan") -> B. Cadangan | G99: =IFERROR(__xludf.DUMMYFUNCTION("""COMPUTED_VALUE"""),"Jusman") -> Jusman | I99: =average(D99:E99) -> 74.5
A100: =IFERROR(__xludf.DUMMYFUNCTION("""COMPUTED_VALUE"""),"Muhammad Al Fathih") -> Muhammad Al Fathih | B100: =IFERROR(__xludf.DUMMYFUNCTION("""COMPUTED_VALUE"""),"C250019") -> C250019 | C100: =IFERROR(__xludf.DUMMYFUNCTION("""COMPUTED_VALUE"""),"IL Putra") -> IL Putra | D100: =IFERROR(__xludf.DUMMYFUNCTION("""COMPUTED_VALUE"""),85.0) -> 85 | E100: =IFERROR(__xludf.DUMMYFUNCTION("""COMPUTED_VALUE"""),90.0) -> 90 | F100: =IFERROR(__xludf.DUMMYFUNCTION("""COMPUTED_VALUE"""),"A. Diterima") -> A. Diterima | G100: =IFERROR(__xludf.DUMMYFUNCTION("""COMPUTED_VALUE"""),"Agus Cahyono") -> Agus Cahyono | H100: =IFERROR(__xludf.DUMMYFUNCTION("""COMPUTED_VALUE"""),"Ananda mendaftar SMA, tp Qoddarullah belum lulus tes Qur'annya. Tp layak masuk IL,.") -> Ananda mendaftar SMA, tp Qoddarullah belum lulus tes Qur'annya. Tp layak masuk IL,. | I100: =average(D100:E100) -> 87.5
...

Sheet A.M
F1: 1 | G1: 2 | H1: 3 | I1: 4 | J1: 5 | K1: 6 | L1: 7 | M1: 8 | N1: 9 | O1: 10 | P1: 11 | Q1: 12 | R1: 13 | S1: 14 | T1: 15 | U1: 16 | V1: 17 | W1: 18 | X1: 19 | Y1: 20 | Z1: PAI | AF1: Bahasa Indonesia | AL1: IPA | AR1: Matematika
A2: Tanggal | B2: Nama Lengkap | C2: No. Pendaftaran | D2: Jenjang | E2: Kejujuran | F2: 1 | G2: 2 | H2: 3 | I2: 4 | J2: 5 | K2: 6 | L2: 7 | M2: 8 | N2: 9 | O2: 10 | P2: 11 | Q2: 12 | R2: 13 | S2: 14 | T2: 15 | U2: 16 | V2: 17 | W2: 18 | X2: 19 | Y2: 20 | Z2: 1 | AA2: 2 | AB2: 3 | AC2: 4 | AD2: 5 | AE2: Nilai | AF2: 6 | AG2: 7 | AH2: 8 | AI2: 9 | AJ2: 10 | AK2: Nilai | AL2: 11 | AM2: 12 | AN2: 13 | AO2: 14 | AP2: 15 | AQ2: Nilai | AR2: 16 | AS2: 17 | AT2: 18 | AU2: 19 | AV2: 20 | AW2: Nilai | AY2: PAI | AZ2: B. Ind | BA2: IPA | BB2: MTK
A3: =IFERROR(__xludf.DUMMYFUNCTION("IMPORTRANGE(""https://docs.google.com/spreadsheets/d/1w4NXg816eI7tg1xm3s4iZpgFUIQ3GERl7LlMfsuXt9c/edit?resourcekey=&gid=1083019139#gid=1083019139"",""Form Responses 1!A2:Y1000"")"),"") | Z3: =IF(F3="B. Aku bersaksi bahwa tidak ada tuhan yang berhak di sembah kecuali Allah",1,0) -> 0 | AA3: =IF(G3=6,1,0) -> 0 | AB3: =IF(H3="1 Syawwal",1,0) -> 0 | AC3: =IF(I3="Al 'Alaq",1,0) -> 0 | AD3: =IF(J3="Ali Bin Abi Thalib",1,0) -> 0 | AE3: =sum(Z3:AD3) -> 0 | AF3: =IF(K3="giat",1,0) -> 0 | AG3: =IF(L3="dan",1,0) -> 0 | AH3: =IF(M3="Hafsah mengatakan bahwa ia ingin belajar di pesantren.",1,0) -> 0 | AI3: =IF(N3="Kalimat 1",1,0) -> 0 | AJ3: =IF(O3="cahaya",1,0) -> 0 | AK3: =sum(AF3:AJ3) -> 0 | AL3: =IF(P3="Parasitisme",1,0) -> 0 | AM3: =IF(Q3="Angin",1,0) -> 0 | AN3: =IF(R3="belalang dan ular",1,0) -> 0 | AO3: =IF(S3="Menghasilkan klorofil",1,0) -> 0 | AP3: =IF(T3="Kelinci",1,0) -> 0 | AQ3: =sum(AL3:AP3) -> 0 | AR3: =IF(U3=-64,1,0) -> 0 | AS3: =IF(V3="3/4",1,0) -> 0 | AT3: =IF(W3="1.800 meter",1,0) -> 0 | AU3: =IF(X3="22 cm",1,0) -> 0 | AV3: =IF(Y3="200",1,0) -> 0 | AW3: =sum(AR3:AV3) -> 0 | AY3: =AE3 -> 0 | AZ3: =AK3 -> 0 | BA3: =AQ3 -> 0 | BB3: =AW3 -> 0 | BC3: =sum(AY3:BB3)*5 -> 0
A4: =IFERROR(__xludf.DUMMYFUNCTION("""COMPUTED_VALUE"""),45918.54390133102) -> 45918.544 | B4: =IFERROR(__xludf.DUMMYFUNCTION("""COMPUTED_VALUE"""),"Aviccena syahdan haqqani ") -> Aviccena syahdan haqqani | C4: =IFERROR(__xludf.DUMMYFUNCTION("""COMPUTED_VALUE"""),"A250060") -> A250060 | D4: =IFERROR(__xludf.DUMMYFUNCTION("""COMPUTED_VALUE"""),"MTs Putra") -> MTs Putra | E4: =IFERROR(__xludf.DUMMYFUNCTION("""COMPUTED_VALUE"""),"Ya") -> Ya | F4: =IFERROR(__xludf.DUMMYFUNCTION("""COMPUTED_VALUE"""),"B. Aku bersaksi bahwa tidak ada tuhan yang berhak di sembah kecuali Allah") -> B. Aku bersaksi bahwa tidak ada tuhan yang berhak di sembah kecuali Allah | G4: =IFERROR(__xludf.DUMMYFUNCTION("""COMPUTED_VALUE"""),6.0) -> 6 | H4: =IFERROR(__xludf.DUMMYFUNCTION("""COMPUTED_VALUE"""),"1 Syawwal") -> 1 Syawwal | I4: =IFERROR(__xludf.DUMMYFUNCTION("""COMPUTED_VALUE"""),"Al 'Alaq") -> Al 'Alaq | J4: =IFERROR(__xludf.DUMMYFUNCTION("""COMPUTED_VALUE"""),"Ali Bin Abi Thalib") -> Ali Bin Abi Thalib | K4: =IFERROR(__xludf.DUMMYFUNCTION("""COMPUTED_VALUE"""),"giat") -> giat | L4: =IFERROR(__xludf.DUMMYFUNCTION("""COMPUTED_VALUE"""),"dan") -> dan | M4: =IFERROR(__xludf.DUMMYFUNCTION("""COMPUTED_VALUE"""),"Aku berkata Hafsah ingin belajar di pesantren.") -> Aku berkata Hafsah ingin belajar di pesantren. | N4: =IFERROR(__xludf.DUMMYFUNCTION("""COMPUTED_VALUE"""),"Kalimat 1") -> Kalimat 1 | O4: =IFERROR(__xludf.DUMMYFUNCTION("""COMPUTED_VALUE"""),"cahaya") -> cahaya | P4: =IFERROR(__xludf.DUMMYFUNCTION("""COMPUTED_VALUE"""),"Komensalisme") -> Komensalisme | Q4: =IFERROR(__xludf.DUMMYFUNCTION("""COMPUTED_VALUE"""),"Angin") -> Angin | R4: =IFERROR(__xludf.DUMMYFUNCTION("""COMPUTED_VALUE"""),"pipit dan burung hantu") -> pipit dan burung hantu | S4: =IFERROR(__xludf.DUMMYFUNCTION("""COMPUTED_VALUE"""),"Adanya pertulangan daun") -> Adanya pertulangan daun | T4: =IFERROR(__xludf.DUMMYFUNCTION("""COMPUTED_VALUE"""),"Kadal") -> Kadal | U4: =IFERROR(__xludf.DUMMYFUNCTION("""COMPUTED_VALUE"""),56.0) -> 56 | V4: =IFERROR(__xludf.DUMMYFUNCTION("""COMPUTED_VALUE"""),"3/4") -> 3/4 | W4: =IFERROR(__xludf.DUMMYFUNCTION("""COMPUTED_VALUE"""),"1.250 meter") -> 1.250 meter | X4: =IFERROR(__xludf.DUMMYFUNCTION("""COMPUTED_VALUE"""),"11 cm") -> 11 cm | Y4: =IFERROR(__xludf.DUMMYFUNCTION("""COMPUTED_VALUE"""),1000.0) -> 1000 | Z4: =IF(F4="B. Aku bersaksi bahwa tidak ada tuhan yang berhak di sembah kecuali Allah",1,0) -> 1 | AA4: =IF(G4=6,1,0) -> 1 | AB4: =IF(H4="1 Syawwal",1,0) -> 1 | AC4: =IF(I4="Al 'Alaq",1,0) -> 1 | AD4: =IF(J4="Ali Bin Abi Thalib",1,0) -> 1 | AE4: =sum(Z4:AD4) -> 5 | AF4: =IF(K4="giat",1,0) -> 1 | AG4: =IF(L4="dan",1,0) -> 1 | AH4: =IF(M4="Hafsah mengatakan bahwa ia ingin belajar di pesantren.",1,0) -> 0 | AI4: =IF(N4="Kalimat 1",1,0) -> 1 | AJ4: =IF(O4="cahaya",1,0) -> 1 | AK4: =sum(AF4:AJ4) -> 4 | AL4: =IF(P4="Parasitisme",1,0) -> 0 | AM4: =IF(Q4="Angin",1,0) -> 1 | AN4: =IF(R4="belalang dan ular",1,0) -> 0 | AO4: =IF(S4="Menghasilkan klorofil",1,0) -> 0 | AP4: =IF(T4="Kelinci",1,0) -> 0 | AQ4: =sum(AL4:AP4) -> 1 | AR4: =IF(U4=-64,1,0) -> 0 | AS4: =IF(V4="3/4",1,0) -> 1 | AT4: =IF(W4="1.800 meter",1,0) -> 0 | AU4: =IF(X4="22 cm",1,0) -> 0 | AV4: =IF(Y4="200",1,0) -> 0 | AW4: =sum(AR4:AV4) -> 1 | AY4: =AE4 -> 5 | AZ4: =AK4 -> 4 | BA4: =AQ4 -> 1 | BB4: =AW4 -> 1 | BC4: =sum(AY4:BB4)*5 -> 55
A5: =IFERROR(__xludf.DUMMYFUNCTION("""COMPUTED_VALUE"""),45919.839533148144) -> 45919.84 | B5: =IFERROR(__xludf.DUMMYFUNCTION("""COMPUTED_VALUE"""),"Daffa Taamir Alfarizi ") -> Daffa Taamir Alfarizi | C5: =IFERROR(__xludf.DUMMYFUNCTION("""COMPUTED_VALUE"""),"A250008") -> A250008 | D5: =IFERROR(__xludf.DUMMYFUNCTION("""COMPUTED_VALUE"""),"MTs Putra") -> MTs Putra | E5: =IFERROR(__xludf.DUMMYFUNCTION("""COMPUTED_VALUE"""),"Ya") -> Ya | F5: =IFERROR(__xludf.DUMMYFUNCTION("""COMPUTED_VALUE"""),"B. Aku bersaksi bahwa tidak ada tuhan yang berhak di sembah kecuali Allah") -> B. Aku bersaksi bahwa tidak ada tuhan yang berhak di sembah kecuali Allah | G5: =IFERROR(__xludf.DUMMYFUNCTION("""COMPUTED_VALUE"""),6.0) -> 6 | H5: =IFERROR(__xludf.DUMMYFUNCTION("""COMPUTED_VALUE"""),"1 Syawwal") -> 1 Syawwal | I5: =IFERROR(__xludf.DUMMYFUNCTION("""COMPUTED_VALUE"""),"Al 'Alaq") -> Al 'Alaq | J5: =IFERROR(__xludf.DUMMYFUNCTION("""COMPUTED_VALUE"""),"Ali Bin Abi Thalib") -> Ali Bin Abi Thalib | K5: =IFERROR(__xludf.DUMMYFUNCTION("""COMPUTED_VALUE"""),"giat") -> giat | L5: =IFERROR(__xludf.DUMMYFUNCTION("""COMPUTED_VALUE"""),"dan") -> dan | M5: =IFERROR(__xludf.DUMMYFUNCTION("""COMPUTED_VALUE"""),"Hafsah mengatakan bahwa ia ingin belajar di pesantren.") -> Hafsah mengatakan bahwa ia ingin belajar di pesantren. | N5: =IFERROR(__xludf.DUMMYFUNCTION("""COMPUTED_VALUE"""),"Kalimat 1") -> Kalimat 1 | O5: =IFERROR(__xludf.DUMMYFUNCTION("""COMPUTED_VALUE"""),"kehidupan") -> kehidupan | P5: =IFERROR(__xludf.DUMMYFUNCTION("""COMPUTED_VALUE"""),"Parasitisme") -> Parasitisme | Q5: =IFERROR(__xludf.DUMMYFUNCTION("""COMPUTED_VALUE"""),"Angin") -> Angin | R5: =IFERROR(__xludf.DUMMYFUNCTION("""COMPUTED_VALUE"""),"belalang dan ular") -> belalang dan ular | S5: =IFERROR(__xludf.DUMMYFUNCTION("""COMPUTED_VALUE"""),"Menghasilkan klorofil") -> Menghasilkan klorofil | T5: =IFERROR(__xludf.DUMMYFUNCTION("""COMPUTED_VALUE"""),"Kelinci") -> Kelinci | U5: =IFERROR(__xludf.DUMMYFUNCTION("""COMPUTED_VALUE"""),-64.0) -> -64 | V5: =IFERROR(__xludf.DUMMYFUNCTION("""COMPUTED_VALUE"""),"3/4") -> 3/4 | W5: =IFERROR(__xludf.DUMMYFUNCTION("""COMPUTED_VALUE"""),"1.800 meter") -> 1.800 meter | X5: =IFERROR(__xludf.DUMMYFUNCTION("""COMPUTED_VALUE"""),"22 cm") -> 22 cm | Y5: =IFERROR(__xludf.DUMMYFUNCTION("""COMPUTED_VALUE"""),200.0) -> 200 | Z5: =IF(F5="B. Aku bersaksi bahwa tidak ada tuhan yang berhak di sembah kecuali Allah",1,0) -> 1 | AA5: =IF(G5=6,1,0) -> 1 | AB5: =IF(H5="1 Syawwal",1,0) -> 1 | AC5: =IF(I5="Al 'Alaq",1,0) -> 1 | AD5: =IF(J5="Ali Bin Abi Thalib",1,0) -> 1 | AE5: =sum(Z5:AD5) -> 5 | AF5: =IF(K5="giat",1,0) -> 1 | AG5: =IF(L5="dan",1,0) -> 1 | AH5: =IF(M5="Hafsah mengatakan bahwa ia ingin belajar di pesantren.",1,0) -> 1 | AI5: =IF(N5="Kalimat 1",1,0) -> 1 | AJ5: =IF(O5="cahaya",1,0) -> 0 | AK5: =sum(AF5:AJ5) -> 4 | AL5: =IF(P5="Parasitisme",1,0) -> 1 | AM5: =IF(Q5="Angin",1,0) -> 1 | AN5: =IF(R5="belalang dan ular",1,0) -> 1 | AO5: =IF(S5="Menghasilkan klorofil",1,0) -> 1 | AP5: =IF(T5="Kelinci",1,0) -> 1 | AQ5: =sum(AL5:AP5) -> 5 | AR5: =IF(U5=-64,1,0) -> 1 | AS5: =IF(V5="3/4",1,0) -> 1 | AT5: =IF(W5="1.800 meter",1,0) -> 1 | AU5: =IF(X5="22 cm",1,0) -> 1 | AV5: =IF(Y5="200",1,0) -> 0 | AW5: =sum(AR5:AV5) -> 4 | AY5: =AE5 -> 5 | AZ5: =AK5 -> 4 | BA5: =AQ5 -> 5 | BB5: =AW5 -> 4 | BC5: =sum(AY5:BB5)*5 -> 90
A6: =IFERROR(__xludf.DUMMYFUNCTION("""COMPUTED_VALUE"""),45920.35915685185) -> 45920.359 | B6: =IFERROR(__xludf.DUMMYFUNCTION("""COMPUTED_VALUE"""),"keyza qaireen") -> keyza qaireen | C6: =IFERROR(__xludf.DUMMYFUNCTION("""COMPUTED_VALUE"""),"D250009") -> D250009 | D6: =IFERROR(__xludf.DUMMYFUNCTION("""COMPUTED_VALUE"""),"MTs Putri") -> MTs Putri | E6: =IFERROR(__xludf.DUMMYFUNCTION("""COMPUTED_VALUE"""),"Ya") -> Ya | F6: =IFERROR(__xludf.DUMMYFUNCTION("""COMPUTED_VALUE"""),"B. Aku bersaksi bahwa tidak ada tuhan yang berhak di sembah kecuali Allah") -> B. Aku bersaksi bahwa tidak ada tuhan yang berhak di sembah kecuali Allah | G6: =IFERROR(__xludf.DUMMYFUNCTION("""COMPUTED_VALUE"""),6.0) -> 6 | H6: =IFERROR(__xludf.DUMMYFUNCTION("""COMPUTED_VALUE"""),"1 Syawwal") -> 1 Syawwal | I6: =IFERROR(__xludf.DUMMYFUNCTION("""COMPUTED_VALUE"""),"Al 'Alaq") -> Al 'Alaq | J6: =IFERROR(__xludf.DUMMYFUNCTION("""COMPUTED_VALUE"""),"Utsman Bin Affan") -> Utsman Bin Affan | K6: =IFERROR(__xludf.DUMMYFUNCTION("""COMPUTED_VALUE"""),"malas") -> malas | L6: =IFERROR(__xludf.DUMMYFUNCTION("""COMPUTED_VALUE"""),"dan") -> dan | M6: =IFERROR(__xludf.DUMMYFUNCTION("""COMPUTED_VALUE"""),"Hafsah mengatakan bahwa aku ingin belajar di pesantren.") -> Hafsah mengatakan bahwa aku ingin belajar di pesantren. | N6: =IFERROR(__xludf.DUMMYFUNCTION("""COMPUTED_VALUE"""),"Kalimat 1") -> Kalimat 1 | O6: =IFERROR(__xludf.DUMMYFUNCTION("""COMPUTED_VALUE"""),"cahaya") -> cahaya | P6: =IFERROR(__xludf.DUMMYFUNCTION("""COMPUTED_VALUE"""),"Parasitisme") -> Parasitisme | Q6: =IFERROR(__xludf.DUMMYFUNCTION("""COMPUTED_VALUE"""),"Angin") -> Angin | R6: =IFERROR(__xludf.DUMMYFUNCTION("""COMPUTED_VALUE"""),"belalang dan ular") -> belalang dan ular | S6: =IFERROR(__xludf.DUMMYFUNCTION("""COMPUTED_VALUE"""),"Daun yang pipih dan lebar") -> Daun yang pipih dan lebar | T6: =IFERROR(__xludf.DUMMYFUNCTION("""COMPUTED_VALUE"""),"Buaya") -> Buaya | U6: =IFERROR(__xludf.DUMMYFUNCTION("""COMPUTED_VALUE"""),-64.0) -> -64 | V6: =IFERROR(__xludf.DUMMYFUNCTION("""COMPUTED_VALUE"""),"3/4") -> 3/4 | W6: =IFERROR(__xludf.DUMMYFUNCTION("""COMPUTED_VALUE"""),"1.800 meter") -> 1.800 meter | X6: =IFERROR(__xludf.DUMMYFUNCTION("""COMPUTED_VALUE"""),"22 cm") -> 22 cm | Y6: =IFERROR(__xludf.DUMMYFUNCTION("""COMPUTED_VALUE"""),200.0) -> 200 | Z6: =IF(F6="B. Aku bersaksi bahwa tidak ada tuhan yang berhak di sembah kecuali Allah",1,0) -> 1 | AA6: =IF(G6=6,1,0) -> 1 | AB6: =IF(H6="1 Syawwal",1,0) -> 1 | AC6: =IF(I6="Al 'Alaq",1,0) -> 1 | AD6: =IF(J6="Ali Bin Abi Thalib",1,0) -> 0 | AE6: =sum(Z6:AD6) -> 4 | AF6: =IF(K6="giat",1,0) -> 0 | AG6: =IF(L6="dan",1,0) -> 1 | AH6: =IF(M6="Hafsah mengatakan bahwa ia ingin belajar di pesantren.",1,0) -> 0 | AI6: =IF(N6="Kalimat 1",1,0) -> 1 | AJ6: =IF(O6="cahaya",1,0) -> 1 | AK6: =sum(AF6:AJ6) -> 3 | AL6: =IF(P6="Parasitisme",1,0) -> 1 | AM6: =IF(Q6="Angin",1,0) -> 1 | AN6: =IF(R6="belalang dan ular",1,0) -> 1 | AO6: =IF(S6="Menghasilkan klorofil",1,0) -> 0 | AP6: =IF(T6="Kelinci",1,0) -> 0 | AQ6: =sum(AL6:AP6) -> 3 | AR6: =IF(U6=-64,1,0) -> 1 | AS6: =IF(V6="3/4",1,0) -> 1 | AT6: =IF(W6="1.800 meter",1,0) -> 1 | AU6: =IF(X6="22 cm",1,0) -> 1 | AV6: =IF(Y6="200",1,0) -> 0 | AW6: =sum(AR6:AV6) -> 4 | AY6: =AE6 -> 4 | AZ6: =AK6 -> 3 | BA6: =AQ6 -> 3 | BB6: =AW6 -> 4 | BC6: =sum(AY6:BB6)*5 -> 70
A7: =IFERROR(__xludf.DUMMYFUNCTION("""COMPUTED_VALUE"""),45920.4010121875) -> 45920.401 | B7: =IFERROR(__xludf.DUMMYFUNCTION("""COMPUTED_VALUE"""),"Siti Azizah") -> Siti Azizah | C7: =IFERROR(__xludf.DUMMYFUNCTION("""COMPUTED_VALUE"""),"D250007") -> D250007 | D7: =IFERROR(__xludf.DUMMYFUNCTION("""COMPUTED_VALUE"""),"MTs Putri") -> MTs Putri | E7: =IFERROR(__xludf.DUMMYFUNCTION("""COMPUTED_VALUE"""),"Ya") -> Ya | F7: =IFERROR(__xludf.DUMMYFUNCTION("""COMPUTED_VALUE"""),"B. Aku bersaksi bahwa tidak ada tuhan yang berhak di sembah kecuali Allah") -> B. Aku bersaksi bahwa tidak ada tuhan yang berhak di sembah kecuali Allah | G7: =IFERROR(__xludf.DUMMYFUNCTION("""COMPUTED_VALUE"""),6.0) -> 6 | H7: =IFERROR(__xludf.DUMMYFUNCTION("""COMPUTED_VALUE"""),"1 Syawwal") -> 1 Syawwal | I7: =IFERROR(__xludf.DUMMYFUNCTION("""COMPUTED_VALUE"""),"Al 'Alaq") -> Al 'Alaq | J7: =IFERROR(__xludf.DUMMYFUNCTION("""COMPUTED_VALUE"""),"Abu Bakar Ash Shiddiiq") -> Abu Bakar Ash Shiddiiq | K7: =IFERROR(__xludf.DUMMYFUNCTION("""COMPUTED_VALUE"""),"giat") -> giat | L7: =IFERROR(__xludf.DUMMYFUNCTION("""COMPUTED_VALUE"""),"dan") -> dan | M7: =IFERROR(__xludf.DUMMYFUNCTION("""COMPUTED_VALUE"""),"Hafsah mengatakan bahwa ia ingin belajar di pesantren.") -> Hafsah mengatakan bahwa ia ingin belajar di pesantren. | N7: =IFERROR(__xludf.DUMMYFUNCTION("""COMPUTED_VALUE"""),"Kalimat 1") -> Kalimat 1 | O7: =IFERROR(__xludf.DUMMYFUNCTION("""COMPUTED_VALUE"""),"cahaya") -> cahaya | P7: =IFERROR(__xludf.DUMMYFUNCTION("""COMPUTED_VALUE"""),"Parasitisme") -> Parasitisme | Q7: =IFERROR(__xludf.DUMMYFUNCTION("""COMPUTED_VALUE"""),"Angin") -> Angin | R7: =IFERROR(__xludf.DUMMYFUNCTION("""COMPUTED_VALUE"""),"belalang dan ular") -> belalang dan ular | S7: =IFERROR(__xludf.DUMMYFUNCTION("""COMPUTED_VALUE"""),"Daun yang pipih dan lebar") -> Daun yang pipih dan lebar | T7: =IFERROR(__xludf.DUMMYFUNCTION("""COMPUTED_VALUE"""),"Kadal") -> Kadal | U7: =IFERROR(__xludf.DUMMYFUNCTION("""COMPUTED_VALUE"""),-64.0) -> -64 | V7: =IFERROR(__xludf.DUMMYFUNCTION("""COMPUTED_VALUE"""),1.0) -> 1 | W7: =IFERROR(__xludf.DUMMYFUNCTION("""COMPUTED_VALUE"""),"1.800 meter") -> 1.800 meter | X7: =IFERROR(__xludf.DUMMYFUNCTION("""COMPUTED_VALUE"""),"28 cm") -> 28 cm | Y7: =IFERROR(__xludf.DUMMYFUNCTION("""COMPUTED_VALUE"""),200.0) -> 200 | Z7: =IF(F7="B. Aku bersaksi bahwa tidak ada tuhan yang berhak di sembah kecuali Allah",1,0) -> 1 | AA7: =IF(G7=6,1,0) -> 1 | AB7: =IF(H7="1 Syawwal",1,0) -> 1 | AC7: =IF(I7="Al 'Alaq",1,0) -> 1 | AD7: =IF(J7="Ali Bin Abi Thalib",1,0) -> 0 | AE7: =sum(Z7:AD7) -> 4 | AF7: =IF(K7="giat",1,0) -> 1 | AG7: =IF(L7="dan",1,0) -> 1 | AH7: =IF(M7="Hafsah mengatakan bahwa ia ingin belajar di pesantren.",1,0) -> 1 | AI7: =IF(N7="Kalimat 1",1,0) -> 1 | AJ7: =IF(O7="cahaya",1,0) -> 1 | AK7: =sum(AF7:AJ7) -> 5 | AL7: =IF(P7="Parasitisme",1,0) -> 1 | AM7: =IF(Q7="Angin",1,0) -> 1 | AN7: =IF(R7="belalang dan ular",1,0) -> 1 | AO7: =IF(S7="Menghasilkan klorofil",1,0) -> 0 | AP7: =IF(T7="Kelinci",1,0) -> 0 | AQ7: =sum(AL7:AP7) -> 3 | AR7: =IF(U7=-64,1,0) -> 1 | AS7: =IF(V7="3/4",1,0) -> 0 | AT7: =IF(W7="1.800 meter",1,0) -> 1 | AU7: =IF(X7="22 cm",1,0) -> 0 | AV7: =IF(Y7="200",1,0) -> 0 | AW7: =sum(AR7:AV7) -> 2 | AY7: =AE7 -> 4 | AZ7: =AK7 -> 5 | BA7: =AQ7 -> 3 | BB7: =AW7 -> 2 | BC7: =sum(AY7:BB7)*5 -> 70
A8: =IFERROR(__xludf.DUMMYFUNCTION("""COMPUTED_VALUE"""),45920.47239439815) -> 45920.472 | B8: =IFERROR(__xludf.DUMMYFUNCTION("""COMPUTED_VALUE"""),"Aina Syahmina Givani") -> Aina Syahmina Givani | C8: =IFERROR(__xludf.DUMMYFUNCTION("""COMPUTED_VALUE"""),"D250006") -> D250006 | D8: =IFERROR(__xludf.DUMMYFUNCTION("""COMPUTED_VALUE"""),"MTs Putri") -> MTs Putri | E8: =IFERROR(__xludf.DUMMYFUNCTION("""COMPUTED_VALUE"""),"Ya") -> Ya | F8: =IFERROR(__xludf.DUMMYFUNCTION("""COMPUTED_VALUE"""),"B. Aku bersaksi bahwa tidak ada tuhan yang berhak di sembah kecuali Allah") -> B. Aku bersaksi bahwa tidak ada tuhan yang berhak di sembah kecuali Allah | G8: =IFERROR(__xludf.DUMMYFUNCTION("""COMPUTED_VALUE"""),6.0) -> 6 | H8: =IFERROR(__xludf.DUMMYFUNCTION("""COMPUTED_VALUE"""),"1 Syawwal") -> 1 Syawwal | I8: =IFERROR(__xludf.DUMMYFUNCTION("""COMPUTED_VALUE"""),"Al 'Alaq") -> Al 'Alaq | J8: =IFERROR(__xludf.DUMMYFUNCTION("""COMPUTED_VALUE"""),"Ali Bin Abi Thalib") -> Ali Bin Abi Thalib | K8: =IFERROR(__xludf.DUMMYFUNCTION("""COMPUTED_VALUE"""),"giat") -> giat | L8: =IFERROR(__xludf.DUMMYFUNCTION("""COMPUTED_VALUE"""),"dan") -> dan | M8: =IFERROR(__xludf.DUMMYFUNCTION("""COMPUTED_VALUE"""),"Hafsah mengatakan bahwa ia ingin belajar di pesantren.") -> Hafsah mengatakan bahwa ia ingin belajar di pesantren. | N8: =IFERROR(__xludf.DUMMYFUNCTION("""COMPUTED_VALUE"""),"Kalimat 1") -> Kalimat 1 | O8: =IFERROR(__xludf.DUMMYFUNCTION("""COMPUTED_VALUE"""),"cahaya") -> cahaya | P8: =IFERROR(__xludf.DUMMYFUNCTION("""COMPUTED_VALUE"""),"Parasitisme") -> Parasitisme | Q8: =IFERROR(__xludf.DUMMYFUNCTION("""COMPUTED_VALUE"""),"Angin") -> Angin | R8: =IFERROR(__xludf.DUMMYFUNCTION("""COMPUTED_VALUE"""),"belalang dan ular") -> belalang dan ular | S8: =IFERROR(__xludf.DUMMYFUNCTION("""COMPUTED_VALUE"""),"Menghasilkan klorofil") -> Menghasilkan klorofil | T8: =IFERROR(__xludf.DUMMYFUNCTION("""COMPUTED_VALUE"""),"Kelinci") -> Kelinci | U8: =IFERROR(__xludf.DUMMYFUNCTION("""COMPUTED_VALUE"""),-56.0) -> -56 | V8: =IFERROR(__xludf.DUMMYFUNCTION("""COMPUTED_VALUE"""),"3/4") -> 3/4 | W8: =IFERROR(__xludf.DUMMYFUNCTION("""COMPUTED_VALUE"""),"1.800 meter") -> 1.800 meter | X8: =IFERROR(__xludf.DUMMYFUNCTION("""COMPUTED_VALUE"""),"28 cm") -> 28 cm | Y8: =IFERROR(__xludf.DUMMYFUNCTION("""COMPUTED_VALUE"""),200.0) -> 200 | Z8: =IF(F8="B. Aku bersaksi bahwa tidak ada tuhan yang berhak di sembah kecuali Allah",1,0) -> 1 | AA8: =IF(G8=6,1,0) -> 1 | AB8: =IF(H8="1 Syawwal",1,0) -> 1 | AC8: =IF(I8="Al 'Alaq",1,0) -> 1 | AD8: =IF(J8="Ali Bin Abi Thalib",1,0) -> 1 | AE8: =sum(Z8:AD8) -> 5 | AF8: =IF(K8="giat",1,0) -> 1 | AG8: =IF(L8="dan",1,0) -> 1 | AH8: =IF(M8="Hafsah mengatakan bahwa ia ingin belajar di pesantren.",1,0) -> 1 | AI8: =IF(N8="Kalimat 1",1,0) -> 1 | AJ8: =IF(O8="cahaya",1,0) -> 1 | AK8: =sum(AF8:AJ8) -> 5 | AL8: =IF(P8="Parasitisme",1,0) -> 1 | AM8: =IF(Q8="Angin",1,0) -> 1 | AN8: =IF(R8="belalang dan ular",1,0) -> 1 | AO8: =IF(S8="Menghasilkan klorofil",1,0) -> 1 | AP8: =IF(T8="Kelinci",1,0) -> 1 | AQ8: =sum(AL8:AP8) -> 5 | AR8: =IF(U8=-64,1,0) -> 0 | AS8: =IF(V8="3/4",1,0) -> 1 | AT8: =IF(W8="1.800 meter",1,0) -> 1 | AU8: =IF(X8="22 cm",1,0) -> 0 | AV8: =IF(Y8="200",1,0) -> 0 | AW8: =sum(AR8:AV8) -> 2 | AY8: =AE8 -> 5 | AZ8: =AK8 -> 5 | BA8: =AQ8 -> 5 | BB8: =AW8 -> 2 | BC8: =sum(AY8:BB8)*5 -> 85
A9: =IFERROR(__xludf.DUMMYFUNCTION("""COMPUTED_VALUE"""),45920.49742675926) -> 45920.497 | B9: =IFERROR(__xludf.DUMMYFUNCTION("""COMPUTED_VALUE"""),"Aisyah") -> Aisyah | C9: =IFERROR(__xludf.DUMMYFUNCTION("""COMPUTED_VALUE"""),"D250005") -> D250005 | D9: =IFERROR(__xludf.DUMMYFUNCTION("""COMPUTED_VALUE"""),"MTs Putri") -> MTs Putri | E9: =IFERROR(__xludf.DUMMYFUNCTION("""COMPUTED_VALUE"""),"Ya") -> Ya | F9: =IFERROR(__xludf.DUMMYFUNCTION("""COMPUTED_VALUE"""),"B. Aku bersaksi bahwa tidak ada tuhan yang berhak di sembah kecuali Allah") -> B. Aku bersaksi bahwa tidak ada tuhan yang berhak di sembah kecuali Allah | G9: =IFERROR(__xludf.DUMMYFUNCTION("""COMPUTED_VALUE"""),6.0) -> 6 | H9: =IFERROR(__xludf.DUMMYFUNCTION("""COMPUTED_VALUE"""),"1 Syawwal") -> 1 Syawwal | I9: =IFERROR(__xludf.DUMMYFUNCTION("""COMPUTED_VALUE"""),"Al 'Alaq") -> Al 'Alaq | J9: =IFERROR(__xludf.DUMMYFUNCTION("""COMPUTED_VALUE"""),"Ali Bin Abi Thalib") -> Ali Bin Abi Thalib | K9: =IFERROR(__xludf.DUMMYFUNCTION("""COMPUTED_VALUE"""),"giat") -> giat | L9: =IFERROR(__xludf.DUMMYFUNCTION("""COMPUTED_VALUE"""),"dan") -> dan | M9: =IFERROR(__xludf.DUMMYFUNCTION("""COMPUTED_VALUE"""),"Hafsah mengatakan bahwa ia ingin belajar di pesantren.") -> Hafsah mengatakan bahwa ia ingin belajar di pesantren. | N9: =IFERROR(__xludf.DUMMYFUNCTION("""COMPUTED_VALUE"""),"Kalimat 1") -> Kalimat 1 | O9: =IFERROR(__xludf.DUMMYFUNCTION("""COMPUTED_VALUE"""),"kehidupan") -> kehidupan | P9: =IFERROR(__xludf.DUMMYFUNCTION("""COMPUTED_VALUE"""),"Parasitisme") -> Parasitisme | Q9: =IFERROR(__xludf.DUMMYFUNCTION("""COMPUTED_VALUE"""),"Angin") -> Angin | R9: =IFERROR(__xludf.DUMMYFUNCTION("""COMPUTED_VALUE"""),"belalang dan ular") -> belalang dan ular | S9: =IFERROR(__xludf.DUMMYFUNCTION("""COMPUTED_VALUE"""),"Menghasilkan klorofil") -> Menghasilkan klorofil | T9: =IFERROR(__xludf.DUMMYFUNCTION("""COMPUTED_VALUE"""),"Kelinci") -> Kelinci | U9: =IFERROR(__xludf.DUMMYFUNCTION("""COMPUTED_VALUE"""),-64.0) -> -64 | V9: =IFERROR(__xludf.DUMMYFUNCTION("""COMPUTED_VALUE"""),"3/4") -> 3/4 | W9: =IFERROR(__xludf.DUMMYFUNCTION("""COMPUTED_VALUE"""),"2.100 meter") -> 2.100 meter | X9: =IFERROR(__xludf.DUMMYFUNCTION("""COMPUTED_VALUE"""),"22 cm") -> 22 cm | Y9: =IFERROR(__xludf.DUMMYFUNCTION("""COMPUTED_VALUE"""),200.0) -> 200 | Z9: =IF(F9="B. Aku bersaksi bahwa tidak ada tuhan yang berhak di sembah kecuali Allah",1,0) -> 1 | AA9: =IF(G9=6,1,0) -> 1 | AB9: =IF(H9="1 Syawwal",1,0) -> 1 | AC9: =IF(I9="Al 'Alaq",1,0) -> 1 | AD9: =IF(J9="Ali Bin Abi Thalib",1,0) -> 1 | AE9: =sum(Z9:AD9) -> 5 | AF9: =IF(K9="giat",1,0) -> 1 | AG9: =IF(L9="dan",1,0) -> 1 | AH9: =IF(M9="Hafsah mengatakan bahwa ia ingin belajar di pesantren.",1,0) -> 1 | AI9: =IF(N9="Kalimat 1",1,0) -> 1 | AJ9: =IF(O9="cahaya",1,0) -> 0 | AK9: =sum(AF9:AJ9) -> 4 | AL9: =IF(P9="Parasitisme",1,0) -> 1 | AM9: =IF(Q9="Angin",1,0) -> 1 | AN9: =IF(R9="belalang dan ular",1,0) -> 1 | AO9: =IF(S9="Menghasilkan klorofil",1,0) -> 1 | AP9: =IF(T9="Kelinci",1,0) -> 1 | AQ9: =sum(AL9:AP9) -> 5 | AR9: =IF(U9=-64,1,0) -> 1 | AS9: =IF(V9="3/4",1,0) -> 1 | AT9: =IF(W9="1.800 meter",1,0) -> 0 | AU9: =IF(X9="22 cm",1,0) -> 1 | AV9: =IF(Y9="200",1,0) -> 0 | AW9: =sum(AR9:AV9) -> 3 | AY9: =AE9 -> 5 | AZ9: =AK9 -> 4 | BA9: =AQ9 -> 5 | BB9: =AW9 -> 3 | BC9: =sum(AY9:BB9)*5 -> 85
A10: =IFERROR(__xludf.DUMMYFUNCTION("""COMPUTED_VALUE"""),45920.66416510417) -> 45920.664 | B10: =IFERROR(__xludf.DUMMYFUNCTION("""COMPUTED_VALUE"""),"Sarah Afifa") -> Sarah Afifa | C10: =IFERROR(__xludf.DUMMYFUNCTION("""COMPUTED_VALUE"""),"D250015") -> D250015 | D10: =IFERROR(__xludf.DUMMYFUNCTION("""COMPUTED_VALUE"""),"MTs Putri") -> MTs Putri | E10: =IFERROR(__xludf.DUMMYFUNCTION("""COMPUTED_VALUE"""),"Ya") -> Ya | F10: =IFERROR(__xludf.DUMMYFUNCTION("""COMPUTED_VALUE"""),"B. Aku bersaksi bahwa tidak ada tuhan yang berhak di sembah kecuali Allah") -> B. Aku bersaksi bahwa tidak ada tuhan yang berhak di sembah kecuali Allah | G10: =IFERROR(__xludf.DUMMYFUNCTION("""COMPUTED_VALUE"""),6.0) -> 6 | H10: =IFERROR(__xludf.DUMMYFUNCTION("""COMPUTED_VALUE"""),"1 Syawwal") -> 1 Syawwal | I10: =IFERROR(__xludf.DUMMYFUNCTION("""COMPUTED_VALUE"""),"Al 'Alaq") -> Al 'Alaq | J10: =IFERROR(__xludf.DUMMYFUNCTION("""COMPUTED_VALUE"""),"Ali Bin Abi Thalib") -> Ali Bin Abi Thalib | K10: =IFERROR(__xludf.DUMMYFUNCTION("""COMPUTED_VALUE"""),"giat") -> giat | L10: =IFERROR(__xludf.DUMMYFUNCTION("""COMPUTED_VALUE"""),"dan") -> dan | M10: =IFERROR(__xludf.DUMMYFUNCTION("""COMPUTED_VALUE"""),"Hafsah mengatakan bahwa aku ingin belajar di pesantren.") -> Hafsah mengatakan bahwa aku ingin belajar di pesantren. | N10: =IFERROR(__xludf.DUMMYFUNCTION("""COMPUTED_VALUE"""),"Kalimat 1") -> Kalimat 1 | O10: =IFERROR(__xludf.DUMMYFUNCTION("""COMPUTED_VALUE"""),"cahaya") -> cahaya | P10: =IFERROR(__xludf.DUMMYFUNCTION("""COMPUTED_VALUE"""),"Mutualisme") -> Mutualisme | Q10: =IFERROR(__xludf.DUMMYFUNCTION("""COMPUTED_VALUE"""),"Angin") -> Angin | R10: =IFERROR(__xludf.DUMMYFUNCTION("""COMPUTED_VALUE"""),"belalang dan ular") -> belalang dan ular | S10: =IFERROR(__xludf.DUMMYFUNCTION("""COMPUTED_VALUE"""),"Menghasilkan klorofil") -> Menghasilkan klorofil | T10: =IFERROR(__xludf.DUMMYFUNCTION("""COMPUTED_VALUE"""),"Kelinci") -> Kelinci | U10: =IFERROR(__xludf.DUMMYFUNCTION("""COMPUTED_VALUE"""),56.0) -> 56 | V10: =IFERROR(__xludf.DUMMYFUNCTION("""COMPUTED_VALUE"""),"4/3") -> 4/3 | W10: =IFERROR(__xludf.DUMMYFUNCTION("""COMPUTED_VALUE"""),"1.800 meter") -> 1.800 meter | X10: =IFERROR(__xludf.DUMMYFUNCTION("""COMPUTED_VALUE"""),"22 cm") -> 22 cm | Y10: =IFERROR(__xludf.DUMMYFUNCTION("""COMPUTED_VALUE"""),200.0) -> 200 | Z10: =IF(F10="B. Aku bersaksi bahwa tidak ada tuhan yang berhak di sembah kecuali Allah",1,0) -> 1 | AA10: =IF(G10=6,1,0) -> 1 | AB10: =IF(H10="1 Syawwal",1,0) -> 1 | AC10: =IF(I10="Al 'Alaq",1,0) -> 1 | AD10: =IF(J10="Ali Bin Abi Thalib",1,0) -> 1 | AE10: =sum(Z10:AD10) -> 5 | AF10: =IF(K10="giat",1,0) -> 1 | AG10: =IF(L10="dan",1,0) -> 1 | AH10: =IF(M10="Hafsah mengatakan bahwa ia ingin belajar di pesantren.",1,0) -> 0 | AI10: =IF(N10="Kalimat 1",1,0) -> 1 | AJ10: =IF(O10="cahaya",1,0) -> 1 | AK10: =sum(AF10:AJ10) -> 4 | AL10: =IF(P10="Parasitisme",1,0) -> 0 | AM10: =IF(Q10="Angin",1,0) -> 1 | AN10: =IF(R10="belalang dan ular",1,0) -> 1 | AO10: =IF(S10="Menghasilkan klorofil",1,0) -> 1 | AP10: =IF(T10="Kelinci",1,0) -> 1 | AQ10: =sum(AL10:AP10) -> 4 | AR10: =IF(U10=-64,1,0) -> 0 | AS10: =IF(V10="3/4",1,0) -> 0 | AT10: =IF(W10="1.800 meter",1,0) -> 1 | AU10: =IF(X10="22 cm",1,0) -> 1 | AV10: =IF(Y10="200",1,0) -> 0 | AW10: =sum(AR10:AV10) -> 2 | AY10: =AE10 -> 5 | AZ10: =AK10 -> 4 | BA10: =AQ10 -> 4 | BB10: =AW10 -> 2 | BC10: =sum(AY10:BB10)*5 -> 75
A11: =IFERROR(__xludf.DUMMYFUNCTION("""COMPUTED_VALUE"""),45920.70911672454) -> 45920.709 | B11: =IFERROR(__xludf.DUMMYFUNCTION("""COMPUTED_VALUE"""),"Ambiaaddaruqutnijulpasa") -> Ambiaaddaruqutnijulpasa | C11: =IFERROR(__xludf.DUMMYFUNCTION("""COMPUTED_VALUE"""),"A250066") -> A250066 | D11: =IFERROR(__xludf.DUMMYFUNCTION("""COMPUTED_VALUE"""),"MTs Putra") -> MTs Putra | E11: =IFERROR(__xludf.DUMMYFUNCTION("""COMPUTED_VALUE"""),"Ya") -> Ya | F11: =IFERROR(__xludf.DUMMYFUNCTION("""COMPUTED_VALUE"""),"B. Aku bersaksi bahwa tidak ada tuhan yang berhak di sembah kecuali Allah") -> B. Aku bersaksi bahwa tidak ada tuhan yang berhak di sembah kecuali Allah | G11: =IFERROR(__xludf.DUMMYFUNCTION("""COMPUTED_VALUE"""),6.0) -> 6 | H11: =IFERROR(__xludf.DUMMYFUNCTION("""COMPUTED_VALUE"""),"1 Syawwal") -> 1 Syawwal | I11: =IFERROR(__xludf.DUMMYFUNCTION("""COMPUTED_VALUE"""),"Al 'Alaq") -> Al 'Alaq | J11: =IFERROR(__xludf.DUMMYFUNCTION("""COMPUTED_VALUE"""),"Utsman Bin Affan") -> Utsman Bin Affan | K11: =IFERROR(__xludf.DUMMYFUNCTION("""COMPUTED_VALUE"""),"giat") -> giat | L11: =IFERROR(__xludf.DUMMYFUNCTION("""COMPUTED_VALUE"""),"dan") -> dan | M11: =IFERROR(__xludf.DUMMYFUNCTION("""COMPUTED_VALUE"""),"Aku berkata Hafsah ingin belajar di pesantren.") -> Aku berkata Hafsah ingin belajar di pesantren. | N11: =IFERROR(__xludf.DUMMYFUNCTION("""COMPUTED_VALUE"""),"Kalimat 2") -> Kalimat 2 | O11: =IFERROR(__xludf.DUMMYFUNCTION("""COMPUTED_VALUE"""),"kehidupan") -> kehidupan | P11: =IFERROR(__xludf.DUMMYFUNCTION("""COMPUTED_VALUE"""),"Parasitisme") -> Parasitisme | Q11: =IFERROR(__xludf.DUMMYFUNCTION("""COMPUTED_VALUE"""),"Angin") -> Angin | R11: =IFERROR(__xludf.DUMMYFUNCTION("""COMPUTED_VALUE"""),"burung ketilang dan ulat") -> burung ketilang dan ulat | S11: =IFERROR(__xludf.DUMMYFUNCTION("""COMPUTED_VALUE"""),"Menghasilkan klorofil") -> Menghasilkan klorofil | T11: =IFERROR(__xludf.DUMMYFUNCTION("""COMPUTED_VALUE"""),"Kelinci") -> Kelinci | U11: =IFERROR(__xludf.DUMMYFUNCTION("""COMPUTED_VALUE"""),-56.0) -> -56 | V11: =IFERROR(__xludf.DUMMYFUNCTION("""COMPUTED_VALUE"""),"3/8") -> 3/8 | W11: =IFERROR(__xludf.DUMMYFUNCTION("""COMPUTED_VALUE"""),"1.800 meter") -> 1.800 meter | X11: =IFERROR(__xludf.DUMMYFUNCTION("""COMPUTED_VALUE"""),"28 cm") -> 28 cm | Y11: =IFERROR(__xludf.DUMMYFUNCTION("""COMPUTED_VALUE"""),1000.0) -> 1000 | Z11: =IF(F11="B. Aku bersaksi bahwa tidak ada tuhan yang berhak di sembah kecuali Allah",1,0) -> 1 | AA11: =IF(G11=6,1,0) -> 1 | AB11: =IF(H11="1 Syawwal",1,0) -> 1 | AC11: =IF(I11="Al 'Alaq",1,0) -> 1 | AD11: =IF(J11="Ali Bin Abi Thalib",1,0) -> 0 | AE11: =sum(Z11:AD11) -> 4 | AF11: =IF(K11="giat",1,0) -> 1 | AG11: =IF(L11="dan",1,0) -> 1 | AH11: =IF(M11="Hafsah mengatakan bahwa ia ingin belajar di pesantren.",1,0) -> 0 | AI11: =IF(N11="Kalimat 1",1,0) -> 0 | AJ11: =IF(O11="cahaya",1,0) -> 0 | AK11: =sum(AF11:AJ11) -> 2 | AL11: =IF(P11="Parasitisme",1,0) -> 1 | AM11: =IF(Q11="Angin",1,0) -> 1 | AN11: =IF(R11="belalang dan ular",1,0) -> 0 | AO11: =IF(S11="Menghasilkan klorofil",1,0) -> 1 | AP11: =IF(T11="Kelinci",1,0) -> 1 | AQ11: =sum(AL11:AP11) -> 4 | AR11: =IF(U11=-64,1,0) -> 0 | AS11: =IF(V11="3/4",1,0) -> 0 | AT11: =IF(W11="1.800 meter",1,0) -> 1 | AU11: =IF(X11="22 cm",1,0) -> 0 | AV11: =IF(Y11="200",1,0) -> 0 | AW11: =sum(AR11:AV11) -> 1 | AY11: =AE11 -> 4 | AZ11: =AK11 -> 2 | BA11: =AQ11 -> 4 | BB11: =AW11 -> 1 | BC11: =sum(AY11:BB11)*5 -> 55
A12: =IFERROR(__xludf.DUMMYFUNCTION("""COMPUTED_VALUE"""),45921.32281806713) -> 45921.323 | B12: =IFERROR(__xludf.DUMMYFUNCTION("""COMPUTED_VALUE"""),"ABU REIHAN AL FAJRI") -> ABU REIHAN AL FAJRI | C12: =IFERROR(__xludf.DUMMYFUNCTION("""COMPUTED_VALUE"""),"A250025") -> A250025 | D12: =IFERROR(__xludf.DUMMYFUNCTION("""COMPUTED_VALUE"""),"MTs Putra") -> MTs Putra | E12: =IFERROR(__xludf.DUMMYFUNCTION("""COMPUTED_VALUE"""),"Ya") -> Ya | F12: =IFERROR(__xludf.DUMMYFUNCTION("""COMPUTED_VALUE"""),"B. Aku bersaksi bahwa tidak ada tuhan yang berhak di sembah kecuali Allah") -> B. Aku bersaksi bahwa tidak ada tuhan yang berhak di sembah kecuali Allah | G12: =IFERROR(__xludf.DUMMYFUNCTION("""COMPUTED_VALUE"""),6.0) -> 6 | H12: =IFERROR(__xludf.DUMMYFUNCTION("""COMPUTED_VALUE"""),"1 Syawwal") -> 1 Syawwal | I12: =IFERROR(__xludf.DUMMYFUNCTION("""COMPUTED_VALUE"""),"Al 'Alaq") -> Al 'Alaq | J12: =IFERROR(__xludf.DUMMYFUNCTION("""COMPUTED_VALUE"""),"Ali Bin Abi Thalib") -> Ali Bin Abi Thalib | K12: =IFERROR(__xludf.DUMMYFUNCTION("""COMPUTED_VALUE"""),"giat") -> giat | L12: =IFERROR(__xludf.DUMMYFUNCTION("""COMPUTED_VALUE"""),"dan") -> dan | M12: =IFERROR(__xludf.DUMMYFUNCTION("""COMPUTED_VALUE"""),"Hafsah mengatakan bahwa ia ingin belajar di pesantren.") -> Hafsah mengatakan bahwa ia ingin belajar di pesantren. | N12: =IFERROR(__xludf.DUMMYFUNCTION("""COMPUTED_VALUE"""),"Kalimat 1") -> Kalimat 1 | O12: =IFERROR(__xludf.DUMMYFUNCTION("""COMPUTED_VALUE"""),"cahaya") -> cahaya | P12: =IFERROR(__xludf.DUMMYFUNCTION("""COMPUTED_VALUE"""),"Parasitisme") -> Parasitisme | Q12: =IFERROR(__xludf.DUMMYFUNCTION("""COMPUTED_VALUE"""),"Angin") -> Angin | R12: =IFERROR(__xludf.DUMMYFUNCTION("""COMPUTED_VALUE"""),"belalang dan ular") -> belalang dan ular | S12: =IFERROR(__xludf.DUMMYFUNCTION("""COMPUTED_VALUE"""),"Menghasilkan klorofil") -> Menghasilkan klorofil | T12: =IFERROR(__xludf.DUMMYFUNCTION("""COMPUTED_VALUE"""),"Buaya") -> Buaya | U12: =IFERROR(__xludf.DUMMYFUNCTION("""COMPUTED_VALUE"""),-64.0) -> -64 | V12: =IFERROR(__xludf.DUMMYFUNCTION("""COMPUTED_VALUE"""),"3/4") -> 3/4 | W12: =IFERROR(__xludf.DUMMYFUNCTION("""COMPUTED_VALUE"""),"1.800 meter") -> 1.800 meter | X12: =IFERROR(__xludf.DUMMYFUNCTION("""COMPUTED_VALUE"""),"22 cm") -> 22 cm | Y12: =IFERROR(__xludf.DUMMYFUNCTION("""COMPUTED_VALUE"""),200.0) -> 200 | Z12: =IF(F12="B. Aku bersaksi bahwa tidak ada tuhan yang berhak di sembah kecuali Allah",1,0) -> 1 | AA12: =IF(G12=6,1,0) -> 1 | AB12: =IF(H12="1 Syawwal",1,0) -> 1 | AC12: =IF(I12="Al 'Alaq",1,0) -> 1 | AD12: =IF(J12="Ali Bin Abi Thalib",1,0) -> 1 | AE12: =sum(Z12:AD12) -> 5 | AF12: =IF(K12="giat",1,0) -> 1 | AG12: =IF(L12="dan",1,0) -> 1 | AH12: =IF(M12="Hafsah mengatakan bahwa ia ingin belajar di pesantren.",1,0) -> 1 | AI12: =IF(N12="Kalimat 1",1,0) -> 1 | AJ12: =IF(O12="cahaya",1,0) -> 1 | AK12: =sum(AF12:AJ12) -> 5 | AL12: =IF(P12="Parasitisme",1,0) -> 1 | AM12: =IF(Q12="Angin",1,0) -> 1 | AN12: =IF(R12="belalang dan ular",1,0) -> 1 | AO12: =IF(S12="Menghasilkan klorofil",1,0) -> 1 | AP12: =IF(T12="Kelinci",1,0) -> 0 | AQ12: =sum(AL12:AP12) -> 4 | AR12: =IF(U12=-64,1,0) -> 1 | AS12: =IF(V12="3/4",1,0) -> 1 | AT12: =IF(W12="1.800 meter",1,0) -> 1 | AU12: =IF(X12="22 cm",1,0) -> 1 | AV12: =IF(Y12="200",1,0) -> 0 | AW12: =sum(AR12:AV12) -> 4 | AY12: =AE12 -> 5 | AZ12: =AK12 -> 5 | BA12: =AQ12 -> 4 | BB12: =AW12 -> 4 | BC12: =sum(AY12:BB12)*5 -> 90
A13: =IFERROR(__xludf.DUMMYFUNCTION("""COMPUTED_VALUE"""),45921.37490707176) -> 45921.375 | B13: =IFERROR(__xludf.DUMMYFUNCTION("""COMPUTED_VALUE"""),"SHAKIRA NUR AISYAH") -> SHAKIRA NUR AISYAH | C13: =IFERROR(__xludf.DUMMYFUNCTION("""COMPUTED_VALUE"""),"D250008") -> D250008 | D13: =IFERROR(__xludf.DUMMYFUNCTION("""COMPUTED_VALUE"""),"MTs Putri") -> MTs Putri | E13: =IFERROR(__xludf.DUMMYFUNCTION("""COMPUTED_VALUE"""),"Ya") -> Ya | F13: =IFERROR(__xludf.DUMMYFUNCTION("""COMPUTED_VALUE"""),"B. Aku bersaksi bahwa tidak ada tuhan yang berhak di sembah kecuali Allah") -> B. Aku bersaksi bahwa tidak ada tuhan yang berhak di sembah kecuali Allah | G13: =IFERROR(__xludf.DUMMYFUNCTION("""COMPUTED_VALUE"""),6.0) -> 6 | H13: =IFERROR(__xludf.DUMMYFUNCTION("""COMPUTED_VALUE"""),"1 Syawwal") -> 1 Syawwal | I13: =IFERROR(__xludf.DUMMYFUNCTION("""COMPUTED_VALUE"""),"Al 'Alaq") -> Al 'Alaq | J13: =IFERROR(__xludf.DUMMYFUNCTION("""COMPUTED_VALUE"""),"Ali Bin Abi Thalib") -> Ali Bin Abi Thalib | K13: =IFERROR(__xludf.DUMMYFUNCTION("""COMPUTED_VALUE"""),"giat") -> giat | L13: =IFERROR(__xludf.DUMMYFUNCTION("""COMPUTED_VALUE"""),"dan") -> dan | M13: =IFERROR(__xludf.DUMMYFUNCTION("""COMPUTED_VALUE"""),"Hafsah mengatakan bahwa ia ingin belajar di pesantren.") -> Hafsah mengatakan bahwa ia ingin belajar di pesantren. | N13: =IFERROR(__xludf.DUMMYFUNCTION("""COMPUTED_VALUE"""),"Kalimat 1") -> Kalimat 1 | O13: =IFERROR(__xludf.DUMMYFUNCTION("""COMPUTED_VALUE"""),"cahaya") -> cahaya | P13: =IFERROR(__xludf.DUMMYFUNCTION("""COMPUTED_VALUE"""),"Parasitisme") -> Parasitisme | Q13: =IFERROR(__xludf.DUMMYFUNCTION("""COMPUTED_VALUE"""),"Angin") -> Angin | R13: =IFERROR(__xludf.DUMMYFUNCTION("""COMPUTED_VALUE"""),"belalang dan ular") -> belalang dan ular | S13: =IFERROR(__xludf.DUMMYFUNCTION("""COMPUTED_VALUE"""),"Menghasilkan klorofil") -> Menghasilkan klorofil | T13: =IFERROR(__xludf.DUMMYFUNCTION("""COMPUTED_VALUE"""),"Kelinci") -> Kelinci | U13: =IFERROR(__xludf.DUMMYFUNCTION("""COMPUTED_VALUE"""),64.0) -> 64 | V13: =IFERROR(__xludf.DUMMYFUNCTION("""COMPUTED_VALUE"""),"3/4") -> 3/4 | W13: =IFERROR(__xludf.DUMMYFUNCTION("""COMPUTED_VALUE"""),"1.800 meter") -> 1.800 meter | X13: =IFERROR(__xludf.DUMMYFUNCTION("""COMPUTED_VALUE"""),"22 cm") -> 22 cm | Y13: =IFERROR(__xludf.DUMMYFUNCTION("""COMPUTED_VALUE"""),200.0) -> 200 | Z13: =IF(F13="B. Aku bersaksi bahwa tidak ada tuhan yang berhak di sembah kecuali Allah",1,0) -> 1 | AA13: =IF(G13=6,1,0) -> 1 | AB13: =IF(H13="1 Syawwal",1,0) -> 1 | AC13: =IF(I13="Al 'Alaq",1,0) -> 1 | AD13: =IF(J13="Ali Bin Abi Thalib",1,0) -> 1 | AE13: =sum(Z13:AD13) -> 5 | AF13: =IF(K13="giat",1,0) -> 1 | AG13: =IF(L13="dan",1,0) -> 1 | AH13: =IF(M13="Hafsah mengatakan bahwa ia ingin belajar di pesantren.",1,0) -> 1 | AI13: =IF(N13="Kalimat 1",1,0) -> 1 | AJ13: =IF(O13="cahaya",1,0) -> 1 | AK13: =sum(AF13:AJ13) -> 5 | AL13: =IF(P13="Parasitisme",1,0) -> 1 | AM13: =IF(Q13="Angin",1,0) -> 1 | AN13: =IF(R13="belalang dan ular",1,0) -> 1 | AO13: =IF(S13="Menghasilkan klorofil",1,0) -> 1 | AP13: =IF(T13="Kelinci",1,0) -> 1 | AQ13: =sum(AL13:AP13) -> 5 | AR13: =IF(U13=-64,1,0) -> 0 | AS13: =IF(V13="3/4",1,0) -> 1 | AT13: =IF(W13="1.800 meter",1,0) -> 1 | AU13: =IF(X13="22 cm",1,0) -> 1 | AV13: =IF(Y13="200",1,0) -> 0 | AW13: =sum(AR13:AV13) -> 3 | AY13: =AE13 -> 5 | AZ13: =AK13 -> 5 | BA13: =AQ13 -> 5 | BB13: =AW13 -> 3 | BC13: =sum(AY13:BB13)*5 -> 90
A14: =IFERROR(__xludf.DUMMYFUNCTION("""COMPUTED_VALUE"""),45921.38667883102) -> 45921.387 | B14: =IFERROR(__xludf.DUMMYFUNCTION("""COMPUTED_VALUE"""),"Adibah saefulloh") -> Adibah saefulloh | C14: =IFERROR(__xludf.DUMMYFUNCTION("""COMPUTED_VALUE"""),"D250003") -> D250003 | D14: =IFERROR(__xludf.DUMMYFUNCTION("""COMPUTED_VALUE"""),"MTs Putri") -> MTs Putri | E14: =IFERROR(__xludf.DUMMYFUNCTION("""COMPUTED_VALUE"""),"Ya") -> Ya | F14: =IFERROR(__xludf.DUMMYFUNCTION("""COMPUTED_VALUE"""),"B. Aku bersaksi bahwa tidak ada tuhan yang berhak di sembah kecuali Allah") -> B. Aku bersaksi bahwa tidak ada tuhan yang berhak di sembah kecuali Allah | G14: =IFERROR(__xludf.DUMMYFUNCTION("""COMPUTED_VALUE"""),6.0) -> 6 | H14: =IFERROR(__xludf.DUMMYFUNCTION("""COMPUTED_VALUE"""),"1 Syawwal") -> 1 Syawwal | I14: =IFERROR(__xludf.DUMMYFUNCTION("""COMPUTED_VALUE"""),"Al Fatihah") -> Al Fatihah | J14: =IFERROR(__xludf.DUMMYFUNCTION("""COMPUTED_VALUE"""),"Utsman Bin Affan") -> Utsman Bin Affan | K14: =IFERROR(__xludf.DUMMYFUNCTION("""COMPUTED_VALUE"""),"giat") -> giat | L14: =IFERROR(__xludf.DUMMYFUNCTION("""COMPUTED_VALUE"""),"dan") -> dan | M14: =IFERROR(__xludf.DUMMYFUNCTION("""COMPUTED_VALUE"""),"Hafsah mengatakan bahwa ia ingin belajar di pesantren.") -> Hafsah mengatakan bahwa ia ingin belajar di pesantren. | N14: =IFERROR(__xludf.DUMMYFUNCTION("""COMPUTED_VALUE"""),"Kalimat 1") -> Kalimat 1 | O14: =IFERROR(__xludf.DUMMYFUNCTION("""COMPUTED_VALUE"""),"cahaya") -> cahaya | P14: =IFERROR(__xludf.DUMMYFUNCTION("""COMPUTED_VALUE"""),"Komensalisme") -> Komensalisme | Q14: =IFERROR(__xludf.DUMMYFUNCTION("""COMPUTED_VALUE"""),"Angin") -> Angin | R14: =IFERROR(__xludf.DUMMYFUNCTION("""COMPUTED_VALUE"""),"belalang dan ular") -> belalang dan ular | S14: =IFERROR(__xludf.DUMMYFUNCTION("""COMPUTED_VALUE"""),"Menghasilkan klorofil") -> Menghasilkan klorofil | T14: =IFERROR(__xludf.DUMMYFUNCTION("""COMPUTED_VALUE"""),"Kelinci") -> Kelinci | U14: =IFERROR(__xludf.DUMMYFUNCTION("""COMPUTED_VALUE"""),-56.0) -> -56 | V14: =IFERROR(__xludf.DUMMYFUNCTION("""COMPUTED_VALUE"""),"3/4") -> 3/4 | W14: =IFERROR(__xludf.DUMMYFUNCTION("""COMPUTED_VALUE"""),"1.800 meter") -> 1.800 meter | X14: =IFERROR(__xludf.DUMMYFUNCTION("""COMPUTED_VALUE"""),"22 cm") -> 22 cm | Y14: =IFERROR(__xludf.DUMMYFUNCTION("""COMPUTED_VALUE"""),200.0) -> 200 | Z14: =IF(F14="B. Aku bersaksi bahwa tidak ada tuhan yang berhak di sembah kecuali Allah",1,0) -> 1 | AA14: =IF(G14=6,1,0) -> 1 | AB14: =IF(H14="1 Syawwal",1,0) -> 1 | AC14: =IF(I14="Al 'Alaq",1,0) -> 0 | AD14: =IF(J14="Ali Bin Abi Thalib",1,0) -> 0 | AE14: =sum(Z14:AD14) -> 3 | AF14: =IF(K14="giat",1,0) -> 1 | AG14: =IF(L14="dan",1,0) -> 1 | AH14: =IF(M14="Hafsah mengatakan bahwa ia ingin belajar di pesantren.",1,0) -> 1 | AI14: =IF(N14="Kalimat 1",1,0) -> 1 | AJ14: =IF(O14="cahaya",1,0) -> 1 | AK14: =sum(AF14:AJ14) -> 5 | AL14: =IF(P14="Parasitisme",1,0) -> 0 | AM14: =IF(Q14="Angin",1,0) -> 1 | AN14: =IF(R14="belalang dan ular",1,0) -> 1 | AO14: =IF(S14="Menghasilkan klorofil",1,0) -> 1 | AP14: =IF(T14="Kelinci",1,0) -> 1 | AQ14: =sum(AL14:AP14) -> 4 | AR14: =IF(U14=-64,1,0) -> 0 | AS14: =IF(V14="3/4",1,0) -> 1 | AT14: =IF(W14="1.800 meter",1,0) -> 1 | AU14: =IF(X14="22 cm",1,0) -> 1 | AV14: =IF(Y14="200",1,0) -> 0 | AW14: =sum(AR14:AV14) -> 3 | AY14: =AE14 -> 3 | AZ14: =AK14 -> 5 | BA14: =AQ14 -> 4 | BB14: =AW14 -> 3 | BC14: =sum(AY14:BB14)*5 -> 75
A15: =IFERROR(__xludf.DUMMYFUNCTION("""COMPUTED_VALUE"""),45921.409184606484) -> 45921.409 | B15: =IFERROR(__xludf.DUMMYFUNCTION("""COMPUTED_VALUE"""),"Adya Wiguna") -> Adya Wiguna | C15: =IFERROR(__xludf.DUMMYFUNCTION("""COMPUTED_VALUE"""),"A250013") -> A250013 | D15: =IFERROR(__xludf.DUMMYFUNCTION("""COMPUTED_VALUE"""),"MTs Putra") -> MTs Putra | E15: =IFERROR(__xludf.DUMMYFUNCTION("""COMPUTED_VALUE"""),"Ya") -> Ya | F15: =IFERROR(__xludf.DUMMYFUNCTION("""COMPUTED_VALUE"""),"A. Aku bersaksi bahwa Muhammad adalah utusan Allah") -> A. Aku bersaksi bahwa Muhammad adalah utusan Allah | G15: =IFERROR(__xludf.DUMMYFUNCTION("""COMPUTED_VALUE"""),5.0) -> 5 | H15: =IFERROR(__xludf.DUMMYFUNCTION("""COMPUTED_VALUE"""),"1 Syawwal") -> 1 Syawwal | I15: =IFERROR(__xludf.DUMMYFUNCTION("""COMPUTED_VALUE"""),"Al Baqoroh") -> Al Baqoroh | J15: =IFERROR(__xludf.DUMMYFUNCTION("""COMPUTED_VALUE"""),"Ali Bin Abi Thalib") -> Ali Bin Abi Thalib | K15: =IFERROR(__xludf.DUMMYFUNCTION("""COMPUTED_VALUE"""),"giat") -> giat | L15: =IFERROR(__xludf.DUMMYFUNCTION("""COMPUTED_VALUE"""),"dan") -> dan | M15: =IFERROR(__xludf.DUMMYFUNCTION("""COMPUTED_VALUE"""),"Hafsah mengatakan bahwa ia ingin belajar di pesantren.") -> Hafsah mengatakan bahwa ia ingin belajar di pesantren. | N15: =IFERROR(__xludf.DUMMYFUNCTION("""COMPUTED_VALUE"""),"Kalimat 1") -> Kalimat 1 | O15: =IFERROR(__xludf.DUMMYFUNCTION("""COMPUTED_VALUE"""),"cahaya") -> cahaya | P15: =IFERROR(__xludf.DUMMYFUNCTION("""COMPUTED_VALUE"""),"Parasitisme") -> Parasitisme | Q15: =IFERROR(__xludf.DUMMYFUNCTION("""COMPUTED_VALUE"""),"Manusia") -> Manusia | R15: =IFERROR(__xludf.DUMMYFUNCTION("""COMPUTED_VALUE"""),"burung ketilang dan ulat") -> burung ketilang dan ulat | S15: =IFERROR(__xludf.DUMMYFUNCTION("""COMPUTED_VALUE"""),"Menghasilkan klorofil") -> Menghasilkan klorofil | T15: =IFERROR(__xludf.DUMMYFUNCTION("""COMPUTED_VALUE"""),"Kelinci") -> Kelinci | U15: =IFERROR(__xludf.DUMMYFUNCTION("""COMPUTED_VALUE"""),64.0) -> 64 | V15: =IFERROR(__xludf.DUMMYFUNCTION("""COMPUTED_VALUE"""),"4/3") -> 4/3 | W15: =IFERROR(__xludf.DUMMYFUNCTION("""COMPUTED_VALUE"""),"1.250 meter") -> 1.250 meter | X15: =IFERROR(__xludf.DUMMYFUNCTION("""COMPUTED_VALUE"""),"20 cm") -> 20 cm | Y15: =IFERROR(__xludf.DUMMYFUNCTION("""COMPUTED_VALUE"""),600.0) -> 600 | Z15: =IF(F15="B. Aku bersaksi bahwa tidak ada tuhan yang berhak di sembah kecuali Allah",1,0) -> 0 | AA15: =IF(G15=6,1,0) -> 0 | AB15: =IF(H15="1 Syawwal",1,0) -> 1 | AC15: =IF(I15="Al 'Alaq",1,0) -> 0 | AD15: =IF(J15="Ali Bin Abi Thalib",1,0) -> 1 | AE15: =sum(Z15:AD15) -> 2 | AF15: =IF(K15="giat",1,0) -> 1 | AG15: =IF(L15="dan",1,0) -> 1 | AH15: =IF(M15="Hafsah mengatakan bahwa ia ingin belajar di pesantren.",1,0) -> 1 | AI15: =IF(N15="Kalimat 1",1,0) -> 1 | AJ15: =IF(O15="cahaya",1,0) -> 1 | AK15: =sum(AF15:AJ15) -> 5 | AL15: =IF(P15="Parasitisme",1,0) -> 1 | AM15: =IF(Q15="Angin",1,0) -> 0 | AN15: =IF(R15="belalang dan ular",1,0) -> 0 | AO15: =IF(S15="Menghasilkan klorofil",1,0) -> 1 | AP15: =IF(T15="Kelinci",1,0) -> 1 | AQ15: =sum(AL15:AP15) -> 3 | AR15: =IF(U15=-64,1,0) -> 0 | AS15: =IF(V15="3/4",1,0) -> 0 | AT15: =IF(W15="1.800 meter",1,0) -> 0 | AU15: =IF(X15="22 cm",1,0) -> 0 | AV15: =IF(Y15="200",1,0) -> 0 | AW15: =sum(AR15:AV15) -> 0 | AY15: =AE15 -> 2 | AZ15: =AK15 -> 5 | BA15: =AQ15 -> 3 | BB15: =AW15 -> 0 | BC15: =sum(AY15:BB15)*5 -> 50
A16: =IFERROR(__xludf.DUMMYFUNCTION("""COMPUTED_VALUE"""),45921.46578741898) -> 45921.466 | B16: =IFERROR(__xludf.DUMMYFUNCTION("""COMPUTED_VALUE"""),"Muhamad Umar Ali") -> Muhamad Umar Ali | C16: =IFERROR(__xludf.DUMMYFUNCTION("""COMPUTED_VALUE"""),"A250020") -> A250020 | D16: =IFERROR(__xludf.DUMMYFUNCTION("""COMPUTED_VALUE"""),"MTs Putra") -> MTs Putra | E16: =IFERROR(__xludf.DUMMYFUNCTION("""COMPUTED_VALUE"""),"Ya") -> Ya | F16: =IFERROR(__xludf.DUMMYFUNCTION("""COMPUTED_VALUE"""),"B. Aku bersaksi bahwa tidak ada tuhan yang berhak di sembah kecuali Allah") -> B. Aku bersaksi bahwa tidak ada tuhan yang berhak di sembah kecuali Allah | G16: =IFERROR(__xludf.DUMMYFUNCTION("""COMPUTED_VALUE"""),6.0) -> 6 | H16: =IFERROR(__xludf.DUMMYFUNCTION("""COMPUTED_VALUE"""),"1 Syawwal") -> 1 Syawwal | I16: =IFERROR(__xludf.DUMMYFUNCTION("""COMPUTED_VALUE"""),"Al 'Alaq") -> Al 'Alaq | J16: =IFERROR(__xludf.DUMMYFUNCTION("""COMPUTED_VALUE"""),"Ali Bin Abi Thalib") -> Ali Bin Abi Thalib | K16: =IFERROR(__xludf.DUMMYFUNCTION("""COMPUTED_VALUE"""),"giat") -> giat | L16: =IFERROR(__xludf.DUMMYFUNCTION("""COMPUTED_VALUE"""),"dan") -> dan | M16: =IFERROR(__xludf.DUMMYFUNCTION("""COMPUTED_VALUE"""),"Hafsah berkata aku ingin belajar di pesantren.") -> Hafsah berkata aku ingin belajar di pesantren. | N16: =IFERROR(__xludf.DUMMYFUNCTION("""COMPUTED_VALUE"""),"Kalimat 1") -> Kalimat 1 | O16: =IFERROR(__xludf.DUMMYFUNCTION("""COMPUTED_VALUE"""),"cahaya") -> cahaya | P16: =IFERROR(__xludf.DUMMYFUNCTION("""COMPUTED_VALUE"""),"Parasitisme") -> Parasitisme | Q16: =IFERROR(__xludf.DUMMYFUNCTION("""COMPUTED_VALUE"""),"Angin") -> Angin | R16: =IFERROR(__xludf.DUMMYFUNCTION("""COMPUTED_VALUE"""),"belalang dan ular") -> belalang dan ular | S16: =IFERROR(__xludf.DUMMYFUNCTION("""COMPUTED_VALUE"""),"Memiliki stomata") -> Memiliki stomata | T16: =IFERROR(__xludf.DUMMYFUNCTION("""COMPUTED_VALUE"""),"Kelinci") -> Kelinci | U16: =IFERROR(__xludf.DUMMYFUNCTION("""COMPUTED_VALUE"""),-56.0) -> -56 | V16: =IFERROR(__xludf.DUMMYFUNCTION("""COMPUTED_VALUE"""),"3/8") -> 3/8 | W16: =IFERROR(__xludf.DUMMYFUNCTION("""COMPUTED_VALUE"""),"1.800 meter") -> 1.800 meter | X16: =IFERROR(__xludf.DUMMYFUNCTION("""COMPUTED_VALUE"""),"28 cm") -> 28 cm | Y16: =IFERROR(__xludf.DUMMYFUNCTION("""COMPUTED_VALUE"""),200.0) -> 200 | Z16: =IF(F16="B. Aku bersaksi bahwa tidak ada tuhan yang berhak di sembah kecuali Allah",1,0) -> 1 | AA16: =IF(G16=6,1,0) -> 1 | AB16: =IF(H16="1 Syawwal",1,0) -> 1 | AC16: =IF(I16="Al 'Alaq",1,0) -> 1 | AD16: =IF(J16="Ali Bin Abi Thalib",1,0) -> 1 | AE16: =sum(Z16:AD16) -> 5 | AF16: =IF(K16="giat",1,0) -> 1 | AG16: =IF(L16="dan",1,0) -> 1 | AH16: =IF(M16="Hafsah mengatakan bahwa ia ingin belajar di pesantren.",1,0) -> 0 | AI16: =IF(N16="Kalimat 1",1,0) -> 1 | AJ16: =IF(O16="cahaya",1,0) -> 1 | AK16: =sum(AF16:AJ16) -> 4 | AL16: =IF(P16="Parasitisme",1,0) -> 1 | AM16: =IF(Q16="Angin",1,0) -> 1 | AN16: =IF(R16="belalang dan ular",1,0) -> 1 | AO16: =IF(S16="Menghasilkan klorofil",1,0) -> 0 | AP16: =IF(T16="Kelinci",1,0) -> 1 | AQ16: =sum(AL16:AP16) -> 4 | AR16: =IF(U16=-64,1,0) -> 0 | AS16: =IF(V16="3/4",1,0) -> 0 | AT16: =IF(W16="1.800 meter",1,0) -> 1 | AU16: =IF(X16="22 cm",1,0) -> 0 | AV16: =IF(Y16="200",1,0) -> 0 | AW16: =sum(AR16:AV16) -> 1 | AY16: =AE16 -> 5 | AZ16: =AK16 -> 4 | BA16: =AQ16 -> 4 | BB16: =AW16 -> 1 | BC16: =sum(AY16:BB16)*5 -> 70
A17: =IFERROR(__xludf.DUMMYFUNCTION("""COMPUTED_VALUE"""),45921.481197256944) -> 45921.481 | B17: =IFERROR(__xludf.DUMMYFUNCTION("""COMPUTED_VALUE"""),"Muhamad Usman Ali") -> Muhamad Usman Ali | C17: =IFERROR(__xludf.DUMMYFUNCTION("""COMPUTED_VALUE"""),"A250018") -> A250018 | D17: =IFERROR(__xludf.DUMMYFUNCTION("""COMPUTED_VALUE"""),"MTs Putra") -> MTs Putra | E17: =IFERROR(__xludf.DUMMYFUNCTION("""COMPUTED_VALUE"""),"Ya") -> Ya | F17: =IFERROR(__xludf.DUMMYFUNCTION("""COMPUTED_VALUE"""),"B. Aku bersaksi bahwa tidak ada tuhan yang berhak di sembah kecuali Allah") -> B. Aku bersaksi bahwa tidak ada tuhan yang berhak di sembah kecuali Allah | G17: =IFERROR(__xludf.DUMMYFUNCTION("""COMPUTED_VALUE"""),6.0) -> 6 | H17: =IFERROR(__xludf.DUMMYFUNCTION("""COMPUTED_VALUE"""),"1 Syawwal") -> 1 Syawwal | I17: =IFERROR(__xludf.DUMMYFUNCTION("""COMPUTED_VALUE"""),"Al Maidah") -> Al Maidah | J17: =IFERROR(__xludf.DUMMYFUNCTION("""COMPUTED_VALUE"""),"Ali Bin Abi Thalib") -> Ali Bin Abi Thalib | K17: =IFERROR(__xludf.DUMMYFUNCTION("""COMPUTED_VALUE"""),"giat") -> giat | L17: =IFERROR(__xludf.DUMMYFUNCTION("""COMPUTED_VALUE"""),"dan") -> dan | M17: =IFERROR(__xludf.DUMMYFUNCTION("""COMPUTED_VALUE"""),"Hafsah berkata aku ingin belajar di pesantren.") -> Hafsah berkata aku ingin belajar di pesantren. | N17: =IFERROR(__xludf.DUMMYFUNCTION("""COMPUTED_VALUE"""),"Kalimat 2") -> Kalimat 2 | O17: =IFERROR(__xludf.DUMMYFUNCTION("""COMPUTED_VALUE"""),"kehidupan") -> kehidupan | P17: =IFERROR(__xludf.DUMMYFUNCTION("""COMPUTED_VALUE"""),"Parasitisme") -> Parasitisme | Q17: =IFERROR(__xludf.DUMMYFUNCTION("""COMPUTED_VALUE"""),"Angin") -> Angin | R17: =IFERROR(__xludf.DUMMYFUNCTION("""COMPUTED_VALUE"""),"burung ketilang dan ulat") -> burung ketilang dan ulat | S17: =IFERROR(__xludf.DUMMYFUNCTION("""COMPUTED_VALUE"""),"Adanya pertulangan daun") -> Adanya pertulangan daun | T17: =IFERROR(__xludf.DUMMYFUNCTION("""COMPUTED_VALUE"""),"Kelinci") -> Kelinci | U17: =IFERROR(__xludf.DUMMYFUNCTION("""COMPUTED_VALUE"""),-64.0) -> -64 | V17: =IFERROR(__xludf.DUMMYFUNCTION("""COMPUTED_VALUE"""),"3/4") -> 3/4 | W17: =IFERROR(__xludf.DUMMYFUNCTION("""COMPUTED_VALUE"""),"1.800 meter") -> 1.800 meter | X17: =IFERROR(__xludf.DUMMYFUNCTION("""COMPUTED_VALUE"""),"22 cm") -> 22 cm | Y17: =IFERROR(__xludf.DUMMYFUNCTION("""COMPUTED_VALUE"""),200.0) -> 200 | Z17: =IF(F17="B. Aku bersaksi bahwa tidak ada tuhan yang berhak di sembah kecuali Allah",1,0) -> 1 | AA17: =IF(G17=6,1,0) -> 1 | AB17: =IF(H17="1 Syawwal",1,0) -> 1 | AC17: =IF(I17="Al 'Alaq",1,0) -> 0 | AD17: =IF(J17="Ali Bin Abi Thalib",1,0) -> 1 | AE17: =sum(Z17:AD17) -> 4 | AF17: =IF(K17="giat",1,0) -> 1 | AG17: =IF(L17="dan",1,0) -> 1 | AH17: =IF(M17="Hafsah mengatakan bahwa ia ingin belajar di pesantren.",1,0) -> 0 | AI17: =IF(N17="Kalimat 1",1,0) -> 0 | AJ17: =IF(O17="cahaya",1,0) -> 0 | AK17: =sum(AF17:AJ17) -> 2 | AL17: =IF(P17="Parasitisme",1,0) -> 1 | AM17: =IF(Q17="Angin",1,0) -> 1 | AN17: =IF(R17="belalang dan ular",1,0) -> 0 | AO17: =IF(S17="Menghasilkan klorofil",1,0) -> 0 | AP17: =IF(T17="Kelinci",1,0) -> 1 | AQ17: =sum(AL17:AP17) -> 3 | AR17: =IF(U17=-64,1,0) -> 1 | AS17: =IF(V17="3/4",1,0) -> 1 | AT17: =IF(W17="1.800 meter",1,0) -> 1 | AU17: =IF(X17="22 cm",1,0) -> 1 | AV17: =IF(Y17="200",1,0) -> 0 | AW17: =sum(AR17:AV17) -> 4 | AY17: =AE17 -> 4 | AZ17: =AK17 -> 2 | BA17: =AQ17 -> 3 | BB17: =AW17 -> 4 | BC17: =sum(AY17:BB17)*5 -> 65
A18: =IFERROR(__xludf.DUMMYFUNCTION("""COMPUTED_VALUE"""),45923.746407997685) -> 45923.746 | B18: =IFERROR(__xludf.DUMMYFUNCTION("""COMPUTED_VALUE"""),"Faeyza Izzatul Khairy") -> Faeyza Izzatul Khairy | C18: =IFERROR(__xludf.DUMMYFUNCTION("""COMPUTED_VALUE"""),"A250016") -> A250016 | D18: =IFERROR(__xludf.DUMMYFUNCTION("""COMPUTED_VALUE"""),"MTs Putra") -> MTs Putra | E18: =IFERROR(__xludf.DUMMYFUNCTION("""COMPUTED_VALUE"""),"Ya") -> Ya | F18: =IFERROR(__xludf.DUMMYFUNCTION("""COMPUTED_VALUE"""),"B. Aku bersaksi bahwa tidak ada tuhan yang berhak di sembah kecuali Allah") -> B. Aku bersaksi bahwa tidak ada tuhan yang berhak di sembah kecuali Allah | G18: =IFERROR(__xludf.DUMMYFUNCTION("""COMPUTED_VALUE"""),6.0) -> 6 | H18: =IFERROR(__xludf.DUMMYFUNCTION("""COMPUTED_VALUE"""),"1 Syawwal") -> 1 Syawwal | I18: =IFERROR(__xludf.DUMMYFUNCTION("""COMPUTED_VALUE"""),"Al 'Alaq") -> Al 'Alaq | J18: =IFERROR(__xludf.DUMMYFUNCTION("""COMPUTED_VALUE"""),"Ali Bin Abi Thalib") -> Ali Bin Abi Thalib | K18: =IFERROR(__xludf.DUMMYFUNCTION("""COMPUTED_VALUE"""),"giat") -> giat | L18: =IFERROR(__xludf.DUMMYFUNCTION("""COMPUTED_VALUE"""),"dan") -> dan | M18: =IFERROR(__xludf.DUMMYFUNCTION("""COMPUTED_VALUE"""),"Hafsah mengatakan bahwa ia ingin belajar di pesantren.") -> Hafsah mengatakan bahwa ia ingin belajar di pesantren. | N18: =IFERROR(__xludf.DUMMYFUNCTION("""COMPUTED_VALUE"""),"Kalimat 1") -> Kalimat 1 | O18: =IFERROR(__xludf.DUMMYFUNCTION("""COMPUTED_VALUE"""),"cahaya") -> cahaya | P18: =IFERROR(__xludf.DUMMYFUNCTION("""COMPUTED_VALUE"""),"Parasitisme") -> Parasitisme | Q18: =IFERROR(__xludf.DUMMYFUNCTION("""COMPUTED_VALUE"""),"Angin") -> Angin | R18: =IFERROR(__xludf.DUMMYFUNCTION("""COMPUTED_VALUE"""),"belalang dan ular") -> belalang dan ular | S18: =IFERROR(__xludf.DUMMYFUNCTION("""COMPUTED_VALUE"""),"Memiliki stomata") -> Memiliki stomata | T18: =IFERROR(__xludf.DUMMYFUNCTION("""COMPUTED_VALUE"""),"Kelinci") -> Kelinci | U18: =IFERROR(__xludf.DUMMYFUNCTION("""COMPUTED_VALUE"""),-64.0) -> -64 | V18: =IFERROR(__xludf.DUMMYFUNCTION("""COMPUTED_VALUE"""),"3/4") -> 3/4 | W18: =IFERROR(__xludf.DUMMYFUNCTION("""COMPUTED_VALUE"""),"1.800 meter") -> 1.800 meter | X18: =IFERROR(__xludf.DUMMYFUNCTION("""COMPUTED_VALUE"""),"22 cm") -> 22 cm | Y18: =IFERROR(__xludf.DUMMYFUNCTION("""COMPUTED_VALUE"""),200.0) -> 200 | Z18: =IF(F18="B. Aku bersaksi bahwa tidak ada tuhan yang berhak di sembah kecuali Allah",1,0) -> 1 | AA18: =IF(G18=6,1,0) -> 1 | AB18: =IF(H18="1 Syawwal",1,0) -> 1 | AC18: =IF(I18="Al 'Alaq",1,0) -> 1 | AD18: =IF(J18="Ali Bin Abi Thalib",1,0) -> 1 | AE18: =sum(Z18:AD18) -> 5 | AF18: =IF(K18="giat",1,0) -> 1 | AG18: =IF(L18="dan",1,0) -> 1 | AH18: =IF(M18="Hafsah mengatakan bahwa ia ingin belajar di pesantren.",1,0) -> 1 | AI18: =IF(N18="Kalimat 1",1,0) -> 1 | AJ18: =IF(O18="cahaya",1,0) -> 1 | AK18: =sum(AF18:AJ18) -> 5 | AL18: =IF(P18="Parasitisme",1,0) -> 1 | AM18: =IF(Q18="Angin",1,0) -> 1 | AN18: =IF(R18="belalang dan ular",1,0) -> 1 | AO18: =IF(S18="Menghasilkan klorofil",1,0) -> 0 | AP18: =IF(T18="Kelinci",1,0) -> 1 | AQ18: =sum(AL18:AP18) -> 4 | AR18: =IF(U18=-64,1,0) -> 1 | AS18: =IF(V18="3/4",1,0) -> 1 | AT18: =IF(W18="1.800 meter",1,0) -> 1 | AU18: =IF(X18="22 cm",1,0) -> 1 | AV18: =IF(Y18="200",1,0) -> 0 | AW18: =sum(AR18:AV18) -> 4 | AY18: =AE18 -> 5 | AZ18: =AK18 -> 5 | BA18: =AQ18 -> 4 | BB18: =AW18 -> 4 | BC18: =sum(AY18:BB18)*5 -> 90
A19: =IFERROR(__xludf.DUMMYFUNCTION("""COMPUTED_VALUE"""),45924.41357452546) -> 45924.414 | B19: =IFERROR(__xludf.DUMMYFUNCTION("""COMPUTED_VALUE"""),"Haneef Abdurahman") -> Haneef Abdurahman | C19: =IFERROR(__xludf.DUMMYFUNCTION("""COMPUTED_VALUE"""),"A250012") -> A250012 | D19: =IFERROR(__xludf.DUMMYFUNCTION("""COMPUTED_VALUE"""),"MTs Putra") -> MTs Putra | E19: =IFERROR(__xludf.DUMMYFUNCTION("""COMPUTED_VALUE"""),"Ya") -> Ya | F19: =IFERROR(__xludf.DUMMYFUNCTION("""COMPUTED_VALUE"""),"B. Aku bersaksi bahwa tidak ada tuhan yang berhak di sembah kecuali Allah") -> B. Aku bersaksi bahwa tidak ada tuhan yang berhak di sembah kecuali Allah | G19: =IFERROR(__xludf.DUMMYFUNCTION("""COMPUTED_VALUE"""),5.0) -> 5 | H19: =IFERROR(__xludf.DUMMYFUNCTION("""COMPUTED_VALUE"""),"1 Syawwal") -> 1 Syawwal | I19: =IFERROR(__xludf.DUMMYFUNCTION("""COMPUTED_VALUE"""),"Al 'Alaq") -> Al 'Alaq | J19: =IFERROR(__xludf.DUMMYFUNCTION("""COMPUTED_VALUE"""),"Ali Bin Abi Thalib") -> Ali Bin Abi Thalib | K19: =IFERROR(__xludf.DUMMYFUNCTION("""COMPUTED_VALUE"""),"giat") -> giat | L19: =IFERROR(__xludf.DUMMYFUNCTION("""COMPUTED_VALUE"""),"dan") -> dan | M19: =IFERROR(__xludf.DUMMYFUNCTION("""COMPUTED_VALUE"""),"Hafsah mengatakan bahwa ia ingin belajar di pesantren.") -> Hafsah mengatakan bahwa ia ingin belajar di pesantren. | N19: =IFERROR(__xludf.DUMMYFUNCTION("""COMPUTED_VALUE"""),"Kalimat 1") -> Kalimat 1 | O19: =IFERROR(__xludf.DUMMYFUNCTION("""COMPUTED_VALUE"""),"cahaya") -> cahaya | P19: =IFERROR(__xludf.DUMMYFUNCTION("""COMPUTED_VALUE"""),"Parasitisme") -> Parasitisme | Q19: =IFERROR(__xludf.DUMMYFUNCTION("""COMPUTED_VALUE"""),"Angin") -> Angin | R19: =IFERROR(__xludf.DUMMYFUNCTION("""COMPUTED_VALUE"""),"belalang dan ular") -> belalang dan ular | S19: =IFERROR(__xludf.DUMMYFUNCTION("""COMPUTED_VALUE"""),"Menghasilkan klorofil") -> Menghasilkan klorofil | T19: =IFERROR(__xludf.DUMMYFUNCTION("""COMPUTED_VALUE"""),"Kelinci") -> Kelinci | U19: =IFERROR(__xludf.DUMMYFUNCTION("""COMPUTED_VALUE"""),-64.0) -> -64 | V19: =IFERROR(__xludf.DUMMYFUNCTION("""COMPUTED_VALUE"""),"3/4") -> 3/4 | W19: =IFERROR(__xludf.DUMMYFUNCTION("""COMPUTED_VALUE"""),"1.800 meter") -> 1.800 meter | X19: =IFERROR(__xludf.DUMMYFUNCTION("""COMPUTED_VALUE"""),"22 cm") -> 22 cm | Y19: =IFERROR(__xludf.DUMMYFUNCTION("""COMPUTED_VALUE"""),200.0) -> 200 | Z19: =IF(F19="B. Aku bersaksi bahwa tidak ada tuhan yang berhak di sembah kecuali Allah",1,0) -> 1 | AA19: =IF(G19=6,1,0) -> 0 | AB19: =IF(H19="1 Syawwal",1,0) -> 1 | AC19: =IF(I19="Al 'Alaq",1,0) -> 1 | AD19: =IF(J19="Ali Bin Abi Thalib",1,0) -> 1 | AE19: =sum(Z19:AD19) -> 4 | AF19: =IF(K19="giat",1,0) -> 1 | AG19: =IF(L19="dan",1,0) -> 1 | AH19: =IF(M19="Hafsah mengatakan bahwa ia ingin belajar di pesantren.",1,0) -> 1 | AI19: =IF(N19="Kalimat 1",1,0) -> 1 | AJ19: =IF(O19="cahaya",1,0) -> 1 | AK19: =sum(AF19:AJ19) -> 5 | AL19: =IF(P19="Parasitisme",1,0) -> 1 | AM19: =IF(Q19="Angin",1,0) -> 1 | AN19: =IF(R19="belalang dan ular",1,0) -> 1 | AO19: =IF(S19="Menghasilkan klorofil",1,0) -> 1 | AP19: =IF(T19="Kelinci",1,0) -> 1 | AQ19: =sum(AL19:AP19) -> 5 | AR19: =IF(U19=-64,1,0) -> 1 | AS19: =IF(V19="3/4",1,0) -> 1 | AT19: =IF(W19="1.800 meter",1,0) -> 1 | AU19: =IF(X19="22 cm",1,0) -> 1 | AV19: =IF(Y19="200",1,0) -> 0 | AW19: =sum(AR19:AV19) -> 4 | AY19: =AE19 -> 4 | AZ19: =AK19 -> 5 | BA19: =AQ19 -> 5 | BB19: =AW19 -> 4 | BC19: =sum(AY19:BB19)*5 -> 90
A20: =IFERROR(__xludf.DUMMYFUNCTION("""COMPUTED_VALUE"""),45924.82897149306) -> 45924.829 | B20: =IFERROR(__xludf.DUMMYFUNCTION("""COMPUTED_VALUE"""),"PUTRA PERDANA") -> PUTRA PERDANA | C20: =IFERROR(__xludf.DUMMYFUNCTION("""COMPUTED_VALUE"""),"A250003") -> A250003 | D20: =IFERROR(__xludf.DUMMYFUNCTION("""COMPUTED_VALUE"""),"MTs Putra") -> MTs Putra | E20: =IFERROR(__xludf.DUMMYFUNCTION("""COMPUTED_VALUE"""),"Ya") -> Ya | F20: =IFERROR(__xludf.DUMMYFUNCTION("""COMPUTED_VALUE"""),"B. Aku bersaksi bahwa tidak ada tuhan yang berhak di sembah kecuali Allah") -> B. Aku bersaksi bahwa tidak ada tuhan yang berhak di sembah kecuali Allah | G20: =IFERROR(__xludf.DUMMYFUNCTION("""COMPUTED_VALUE"""),6.0) -> 6 | H20: =IFERROR(__xludf.DUMMYFUNCTION("""COMPUTED_VALUE"""),"1 Syawwal") -> 1 Syawwal | I20: =IFERROR(__xludf.DUMMYFUNCTION("""COMPUTED_VALUE"""),"Al 'Alaq") -> Al 'Alaq | J20: =IFERROR(__xludf.DUMMYFUNCTION("""COMPUTED_VALUE"""),"Ali Bin Abi Thalib") -> Ali Bin Abi Thalib | K20: =IFERROR(__xludf.DUMMYFUNCTION("""COMPUTED_VALUE"""),"giat") -> giat | L20: =IFERROR(__xludf.DUMMYFUNCTION("""COMPUTED_VALUE"""),"dan") -> dan | M20: =IFERROR(__xludf.DUMMYFUNCTION("""COMPUTED_VALUE"""),"Hafsah mengatakan bahwa aku ingin belajar di pesantren.") -> Hafsah mengatakan bahwa aku ingin belajar di pesantren. | N20: =IFERROR(__xludf.DUMMYFUNCTION("""COMPUTED_VALUE"""),"Kalimat 2") -> Kalimat 2 | O20: =IFERROR(__xludf.DUMMYFUNCTION("""COMPUTED_VALUE"""),"cahaya") -> cahaya | P20: =IFERROR(__xludf.DUMMYFUNCTION("""COMPUTED_VALUE"""),"Parasitisme") -> Parasitisme | Q20: =IFERROR(__xludf.DUMMYFUNCTION("""COMPUTED_VALUE"""),"Angin") -> Angin | R20: =IFERROR(__xludf.DUMMYFUNCTION("""COMPUTED_VALUE"""),"belalang dan ular") -> belalang dan ular | S20: =IFERROR(__xludf.DUMMYFUNCTION("""COMPUTED_VALUE"""),"Menghasilkan klorofil") -> Menghasilkan klorofil | T20: =IFERROR(__xludf.DUMMYFUNCTION("""COMPUTED_VALUE"""),"Kelinci") -> Kelinci | U20: =IFERROR(__xludf.DUMMYFUNCTION("""COMPUTED_VALUE"""),-56.0) -> -56 | V20: =IFERROR(__xludf.DUMMYFUNCTION("""COMPUTED_VALUE"""),"3/8") -> 3/8 | W20: =IFERROR(__xludf.DUMMYFUNCTION("""COMPUTED_VALUE"""),"1.250 meter") -> 1.250 meter | X20: =IFERROR(__xludf.DUMMYFUNCTION("""COMPUTED_VALUE"""),"22 cm") -> 22 cm | Y20: =IFERROR(__xludf.DUMMYFUNCTION("""COMPUTED_VALUE"""),200.0) -> 200 | Z20: =IF(F20="B. Aku bersaksi bahwa tidak ada tuhan yang berhak di sembah kecuali Allah",1,0) -> 1 | AA20: =IF(G20=6,1,0) -> 1 | AB20: =IF(H20="1 Syawwal",1,0) -> 1 | AC20: =IF(I20="Al 'Alaq",1,0) -> 1 | AD20: =IF(J20="Ali Bin Abi Thalib",1,0) -> 1 | AE20: =sum(Z20:AD20) -> 5 | AF20: =IF(K20="giat",1,0) -> 1 | AG20: =IF(L20="dan",1,0) -> 1 | AH20: =IF(M20="Hafsah mengatakan bahwa ia ingin belajar di pesantren.",1,0) -> 0 | AI20: =IF(N20="Kalimat 1",1,0) -> 0 | AJ20: =IF(O20="cahaya",1,0) -> 1 | AK20: =sum(AF20:AJ20) -> 3 | AL20: =IF(P20="Parasitisme",1,0) -> 1 | AM20: =IF(Q20="Angin",1,0) -> 1 | AN20: =IF(R20="belalang dan ular",1,0) -> 1 | AO20: =IF(S20="Menghasilkan klorofil",1,0) -> 1 | AP20: =IF(T20="Kelinci",1,0) -> 1 | AQ20: =sum(AL20:AP20) -> 5 | AR20: =IF(U20=-64,1,0) -> 0 | AS20: =IF(V20="3/4",1,0) -> 0 | AT20: =IF(W20="1.800 meter",1,0) -> 0 | AU20: =IF(X20="22 cm",1,0) -> 1 | AV20: =IF(Y20="200",1,0) -> 0 | AW20: =sum(AR20:AV20) -> 1 | AY20: =AE20 -> 5 | AZ20: =AK20 -> 3 | BA20: =AQ20 -> 5 | BB20: =AW20 -> 1 | BC20: =sum(AY20:BB20)*5 -> 70
A21: =IFERROR(__xludf.DUMMYFUNCTION("""COMPUTED_VALUE"""),45925.41437844907) -> 45925.414 | B21: =IFERROR(__xludf.DUMMYFUNCTION("""COMPUTED_VALUE"""),"Abudzar Al Mahbub") -> Abudzar Al Mahbub | C21: =IFERROR(__xludf.DUMMYFUNCTION("""COMPUTED_VALUE"""),"A250034") -> A250034 | D21: =IFERROR(__xludf.DUMMYFUNCTION("""COMPUTED_VALUE"""),"MTs Putra") -> MTs Putra | E21: =IFERROR(__xludf.DUMMYFUNCTION("""COMPUTED_VALUE"""),"Ya") -> Ya | F21: =IFERROR(__xludf.DUMMYFUNCTION("""COMPUTED_VALUE"""),"B. Aku bersaksi bahwa tidak ada tuhan yang berhak di sembah kecuali Allah") -> B. Aku bersaksi bahwa tidak ada tuhan yang berhak di sembah kecuali Allah | G21: =IFERROR(__xludf.DUMMYFUNCTION("""COMPUTED_VALUE"""),6.0) -> 6 | H21: =IFERROR(__xludf.DUMMYFUNCTION("""COMPUTED_VALUE"""),"1 Syawwal") -> 1 Syawwal | I21: =IFERROR(__xludf.DUMMYFUNCTION("""COMPUTED_VALUE"""),"Al Maidah") -> Al Maidah | J21: =IFERROR(__xludf.DUMMYFUNCTION("""COMPUTED_VALUE"""),"Ali Bin Abi Thalib") -> Ali Bin Abi Thalib | K21: =IFERROR(__xludf.DUMMYFUNCTION("""COMPUTED_VALUE"""),"giat") -> giat | L21: =IFERROR(__xludf.DUMMYFUNCTION("""COMPUTED_VALUE"""),"dan") -> dan | M21: =IFERROR(__xludf.DUMMYFUNCTION("""COMPUTED_VALUE"""),"Hafsah mengatakan bahwa aku ingin belajar di pesantren.") -> Hafsah mengatakan bahwa aku ingin belajar di pesantren. | N21: =IFERROR(__xludf.DUMMYFUNCTION("""COMPUTED_VALUE"""),"Kalimat 1") -> Kalimat 1 | O21: =IFERROR(__xludf.DUMMYFUNCTION("""COMPUTED_VALUE"""),"cahaya") -> cahaya | P21: =IFERROR(__xludf.DUMMYFUNCTION("""COMPUTED_VALUE"""),"Parasitisme") -> Parasitisme | Q21: =IFERROR(__xludf.DUMMYFUNCTION("""COMPUTED_VALUE"""),"Angin") -> Angin | R21: =IFERROR(__xludf.DUMMYFUNCTION("""COMPUTED_VALUE"""),"belalang dan ular") -> belalang dan ular | S21: =IFERROR(__xludf.DUMMYFUNCTION("""COMPUTED_VALUE"""),"Daun yang pipih dan lebar") -> Daun yang pipih dan lebar | T21: =IFERROR(__xludf.DUMMYFUNCTION("""COMPUTED_VALUE"""),"Kelinci") -> Kelinci | U21: =IFERROR(__xludf.DUMMYFUNCTION("""COMPUTED_VALUE"""),-56.0) -> -56 | V21: =IFERROR(__xludf.DUMMYFUNCTION("""COMPUTED_VALUE"""),"4/3") -> 4/3 | W21: =IFERROR(__xludf.DUMMYFUNCTION("""COMPUTED_VALUE"""),"1.800 meter") -> 1.800 meter | X21: =IFERROR(__xludf.DUMMYFUNCTION("""COMPUTED_VALUE"""),"22 cm") -> 22 cm | Y21: =IFERROR(__xludf.DUMMYFUNCTION("""COMPUTED_VALUE"""),1000.0) -> 1000 | Z21: =IF(F21="B. Aku bersaksi bahwa tidak ada tuhan yang berhak di sembah kecuali Allah",1,0) -> 1 | AA21: =IF(G21=6,1,0) -> 1 | AB21: =IF(H21="1 Syawwal",1,0) -> 1 | AC21: =IF(I21="Al 'Alaq",1,0) -> 0 | AD21: =IF(J21="Ali Bin Abi Thalib",1,0) -> 1 | AE21: =sum(Z21:AD21) -> 4 | AF21: =IF(K21="giat",1,0) -> 1 | AG21: =IF(L21="dan",1,0) -> 1 | AH21: =IF(M21="Hafsah mengatakan bahwa ia ingin belajar di pesantren.",1,0) -> 0 | AI21: =IF(N21="Kalimat 1",1,0) -> 1 | AJ21: =IF(O21="cahaya",1,0) -> 1 | AK21: =sum(AF21:AJ21) -> 4 | AL21: =IF(P21="Parasitisme",1,0) -> 1 | AM21: =IF(Q21="Angin",1,0) -> 1 | AN21: =IF(R21="belalang dan ular",1,0) -> 1 | AO21: =IF(S21="Menghasilkan klorofil",1,0) -> 0 | AP21: =IF(T21="Kelinci",1,0) -> 1 | AQ21: =sum(AL21:AP21) -> 4 | AR21: =IF(U21=-64,1,0) -> 0 | AS21: =IF(V21="3/4",1,0) -> 0 | AT21: =IF(W21="1.800 meter",1,0) -> 1 | AU21: =IF(X21="22 cm",1,0) -> 1 | AV21: =IF(Y21="200",1,0) -> 0 | AW21: =sum(AR21:AV21) -> 2 | AY21: =AE21 -> 4 | AZ21: =AK21 -> 4 | BA21: =AQ21 -> 4 | BB21: =AW21 -> 2 | BC21: =sum(AY21:BB21)*5 -> 70
A22: =IFERROR(__xludf.DUMMYFUNCTION("""COMPUTED_VALUE"""),45925.60360766204) -> 45925.604 | B22: =IFERROR(__xludf.DUMMYFUNCTION("""COMPUTED_VALUE"""),"Kafe arkan rafiqi") -> Kafe arkan rafiqi | C22: =IFERROR(__xludf.DUMMYFUNCTION("""COMPUTED_VALUE"""),"A250055") -> A250055 | D22: =IFERROR(__xludf.DUMMYFUNCTION("""COMPUTED_VALUE"""),"MTs Putra") -> MTs Putra | E22: =IFERROR(__xludf.DUMMYFUNCTION("""COMPUTED_VALUE"""),"Ya") -> Ya | F22: =IFERROR(__xludf.DUMMYFUNCTION("""COMPUTED_VALUE"""),"B. Aku bersaksi bahwa tidak ada tuhan yang berhak di sembah kecuali Allah") -> B. Aku bersaksi bahwa tidak ada tuhan yang berhak di sembah kecuali Allah | G22: =IFERROR(__xludf.DUMMYFUNCTION("""COMPUTED_VALUE"""),6.0) -> 6 | H22: =IFERROR(__xludf.DUMMYFUNCTION("""COMPUTED_VALUE"""),"1 Syawwal") -> 1 Syawwal | I22: =IFERROR(__xludf.DUMMYFUNCTION("""COMPUTED_VALUE"""),"Al 'Alaq") -> Al 'Alaq | J22: =IFERROR(__xludf.DUMMYFUNCTION("""COMPUTED_VALUE"""),"Utsman Bin Affan") -> Utsman Bin Affan | K22: =IFERROR(__xludf.DUMMYFUNCTION("""COMPUTED_VALUE"""),"malas") -> malas | L22: =IFERROR(__xludf.DUMMYFUNCTION("""COMPUTED_VALUE"""),"dan") -> dan | M22: =IFERROR(__xludf.DUMMYFUNCTION("""COMPUTED_VALUE"""),"Hafsah mengatakan bahwa ia ingin belajar di pesantren.") -> Hafsah mengatakan bahwa ia ingin belajar di pesantren. | N22: =IFERROR(__xludf.DUMMYFUNCTION("""COMPUTED_VALUE"""),"Kalimat 1") -> Kalimat 1 | O22: =IFERROR(__xludf.DUMMYFUNCTION("""COMPUTED_VALUE"""),"cahaya") -> cahaya | P22: =IFERROR(__xludf.DUMMYFUNCTION("""COMPUTED_VALUE"""),"Parasitisme") -> Parasitisme | Q22: =IFERROR(__xludf.DUMMYFUNCTION("""COMPUTED_VALUE"""),"Angin") -> Angin | R22: =IFERROR(__xludf.DUMMYFUNCTION("""COMPUTED_VALUE"""),"belalang dan ular") -> belalang dan ular | S22: =IFERROR(__xludf.DUMMYFUNCTION("""COMPUTED_VALUE"""),"Memiliki stomata") -> Memiliki stomata | T22: =IFERROR(__xludf.DUMMYFUNCTION("""COMPUTED_VALUE"""),"Kelinci") -> Kelinci | U22: =IFERROR(__xludf.DUMMYFUNCTION("""COMPUTED_VALUE"""),-64.0) -> -64 | V22: =IFERROR(__xludf.DUMMYFUNCTION("""COMPUTED_VALUE"""),"3/4") -> 3/4 | W22: =IFERROR(__xludf.DUMMYFUNCTION("""COMPUTED_VALUE"""),"1.800 meter") -> 1.800 meter | X22: =IFERROR(__xludf.DUMMYFUNCTION("""COMPUTED_VALUE"""),"22 cm") -> 22 cm | Y22: =IFERROR(__xludf.DUMMYFUNCTION("""COMPUTED_VALUE"""),200.0) -> 200 | Z22: =IF(F22="B. Aku bersaksi bahwa tidak ada tuhan yang berhak di sembah kecuali Allah",1,0) -> 1 | AA22: =IF(G22=6,1,0) -> 1 | AB22: =IF(H22="1 Syawwal",1,0) -> 1 | AC22: =IF(I22="Al 'Alaq",1,0) -> 1 | AD22: =IF(J22="Ali Bin Abi Thalib",1,0) -> 0 | AE22: =sum(Z22:AD22) -> 4 | AF22: =IF(K22="giat",1,0) -> 0 | AG22: =IF(L22="dan",1,0) -> 1 | AH22: =IF(M22="Hafsah mengatakan bahwa ia ingin belajar di pesantren.",1,0) -> 1 | AI22: =IF(N22="Kalimat 1",1,0) -> 1 | AJ22: =IF(O22="cahaya",1,0) -> 1 | AK22: =sum(AF22:AJ22) -> 4 | AL22: =IF(P22="Parasitisme",1,0) -> 1 | AM22: =IF(Q22="Angin",1,0) -> 1 | AN22: =IF(R22="belalang dan ular",1,0) -> 1 | AO22: =IF(S22="Menghasilkan klorofil",1,0) -> 0 | AP22: =IF(T22="Kelinci",1,0) -> 1 | AQ22: =sum(AL22:AP22) -> 4 | AR22: =IF(U22=-64,1,0) -> 1 | AS22: =IF(V22="3/4",1,0) -> 1 | AT22: =IF(W22="1.800 meter",1,0) -> 1 | AU22: =IF(X22="22 cm",1,0) -> 1 | AV22: =IF(Y22="200",1,0) -> 0 | AW22: =sum(AR22:AV22) -> 4 | AY22: =AE22 -> 4 | AZ22: =AK22 -> 4 | BA22: =AQ22 -> 4 | BB22: =AW22 -> 4 | BC22: =sum(AY22:BB22)*5 -> 80
A23: =IFERROR(__xludf.DUMMYFUNCTION("""COMPUTED_VALUE"""),45925.7143866088) -> 45925.714 | B23: =IFERROR(__xludf.DUMMYFUNCTION("""COMPUTED_VALUE"""),"Shafwan Iyadh Addarimy") -> Shafwan Iyadh Addarimy | C23: =IFERROR(__xludf.DUMMYFUNCTION("""COMPUTED_VALUE"""),"A250024") -> A250024 | D23: =IFERROR(__xludf.DUMMYFUNCTION("""COMPUTED_VALUE"""),"MTs Putra") -> MTs Putra | E23: =IFERROR(__xludf.DUMMYFUNCTION("""COMPUTED_VALUE"""),"Ya") -> Ya | F23: =IFERROR(__xludf.DUMMYFUNCTION("""COMPUTED_VALUE"""),"B. Aku bersaksi bahwa tidak ada tuhan yang berhak di sembah kecuali Allah") -> B. Aku bersaksi bahwa tidak ada tuhan yang berhak di sembah kecuali Allah | G23: =IFERROR(__xludf.DUMMYFUNCTION("""COMPUTED_VALUE"""),6.0) -> 6 | H23: =IFERROR(__xludf.DUMMYFUNCTION("""COMPUTED_VALUE"""),"4 Syawwal") -> 4 Syawwal | I23: =IFERROR(__xludf.DUMMYFUNCTION("""COMPUTED_VALUE"""),"Al 'Alaq") -> Al 'Alaq | J23: =IFERROR(__xludf.DUMMYFUNCTION("""COMPUTED_VALUE"""),"Abu Bakar Ash Shiddiiq") -> Abu Bakar Ash Shiddiiq | K23: =IFERROR(__xludf.DUMMYFUNCTION("""COMPUTED_VALUE"""),"malas") -> malas | L23: =IFERROR(__xludf.DUMMYFUNCTION("""COMPUTED_VALUE"""),"dan") -> dan | M23: =IFERROR(__xludf.DUMMYFUNCTION("""COMPUTED_VALUE"""),"Hafsah mengatakan bahwa ia ingin belajar di pesantren.") -> Hafsah mengatakan bahwa ia ingin belajar di pesantren. | N23: =IFERROR(__xludf.DUMMYFUNCTION("""COMPUTED_VALUE"""),"Kalimat 1") -> Kalimat 1 | O23: =IFERROR(__xludf.DUMMYFUNCTION("""COMPUTED_VALUE"""),"cahaya") -> cahaya | P23: =IFERROR(__xludf.DUMMYFUNCTION("""COMPUTED_VALUE"""),"Parasitisme") -> Parasitisme | Q23: =IFERROR(__xludf.DUMMYFUNCTION("""COMPUTED_VALUE"""),"Angin") -> Angin | R23: =IFERROR(__xludf.DUMMYFUNCTION("""COMPUTED_VALUE"""),"pipit dan burung hantu") -> pipit dan burung hantu | S23: =IFERROR(__xludf.DUMMYFUNCTION("""COMPUTED_VALUE"""),"Memiliki stomata") -> Memiliki stomata | T23: =IFERROR(__xludf.DUMMYFUNCTION("""COMPUTED_VALUE"""),"Komodo") -> Komodo | U23: =IFERROR(__xludf.DUMMYFUNCTION("""COMPUTED_VALUE"""),-64.0) -> -64 | V23: =IFERROR(__xludf.DUMMYFUNCTION("""COMPUTED_VALUE"""),"3/4") -> 3/4 | W23: =IFERROR(__xludf.DUMMYFUNCTION("""COMPUTED_VALUE"""),"2.100 meter") -> 2.100 meter | X23: =IFERROR(__xludf.DUMMYFUNCTION("""COMPUTED_VALUE"""),"22 cm") -> 22 cm | Y23: =IFERROR(__xludf.DUMMYFUNCTION("""COMPUTED_VALUE"""),600.0) -> 600 | Z23: =IF(F23="B. Aku bersaksi bahwa tidak ada tuhan yang berhak di sembah kecuali Allah",1,0) -> 1 | AA23: =IF(G23=6,1,0) -> 1 | AB23: =IF(H23="1 Syawwal",1,0) -> 0 | AC23: =IF(I23="Al 'Alaq",1,0) -> 1 | AD23: =IF(J23="Ali Bin Abi Thalib",1,0) -> 0 | AE23: =sum(Z23:AD23) -> 3 | AF23: =IF(K23="giat",1,0) -> 0 | AG23: =IF(L23="dan",1,0) -> 1 | AH23: =IF(M23="Hafsah mengatakan bahwa ia ingin belajar di pesantren.",1,0) -> 1 | AI23: =IF(N23="Kalimat 1",1,0) -> 1 | AJ23: =IF(O23="cahaya",1,0) -> 1 | AK23: =sum(AF23:AJ23) -> 4 | AL23: =IF(P23="Parasitisme",1,0) -> 1 | AM23: =IF(Q23="Angin",1,0) -> 1 | AN23: =IF(R23="belalang dan ular",1,0) -> 0 | AO23: =IF(S23="Menghasilkan klorofil",1,0) -> 0 | AP23: =IF(T23="Kelinci",1,0) -> 0 | AQ23: =sum(AL23:AP23) -> 2 | AR23: =IF(U23=-64,1,0) -> 1 | AS23: =IF(V23="3/4",1,0) -> 1 | AT23: =IF(W23="1.800 meter",1,0) -> 0 | AU23: =IF(X23="22 cm",1,0) -> 1 | AV23: =IF(Y23="200",1,0) -> 0 | AW23: =sum(AR23:AV23) -> 3 | AY23: =AE23 -> 3 | AZ23: =AK23 -> 4 | BA23: =AQ23 -> 2 | BB23: =AW23 -> 3 | BC23: =sum(AY23:BB23)*5 -> 60
A24: =IFERROR(__xludf.DUMMYFUNCTION("""COMPUTED_VALUE"""),45925.83866760417) -> 45925.839 | B24: =IFERROR(__xludf.DUMMYFUNCTION("""COMPUTED_VALUE"""),"Hana Dwi Rinjani") -> Hana Dwi Rinjani | C24: =IFERROR(__xludf.DUMMYFUNCTION("""COMPUTED_VALUE"""),"D250024") -> D250024 | D24: =IFERROR(__xludf.DUMMYFUNCTION("""COMPUTED_VALUE"""),"MTs Putri") -> MTs Putri | E24: =IFERROR(__xludf.DUMMYFUNCTION("""COMPUTED_VALUE"""),"Ya") -> Ya | F24: =IFERROR(__xludf.DUMMYFUNCTION("""COMPUTED_VALUE"""),"B. Aku bersaksi bahwa tidak ada tuhan yang berhak di sembah kecuali Allah") -> B. Aku bersaksi bahwa tidak ada tuhan yang berhak di sembah kecuali Allah | G24: =IFERROR(__xludf.DUMMYFUNCTION("""COMPUTED_VALUE"""),6.0) -> 6 | H24: =IFERROR(__xludf.DUMMYFUNCTION("""COMPUTED_VALUE"""),"1 Syawwal") -> 1 Syawwal | I24: =IFERROR(__xludf.DUMMYFUNCTION("""COMPUTED_VALUE"""),"Al 'Alaq") -> Al 'Alaq | J24: =IFERROR(__xludf.DUMMYFUNCTION("""COMPUTED_VALUE"""),"Ali Bin Abi Thalib") -> Ali Bin Abi Thalib | K24: =IFERROR(__xludf.DUMMYFUNCTION("""COMPUTED_VALUE"""),"giat") -> giat | L24: =IFERROR(__xludf.DUMMYFUNCTION("""COMPUTED_VALUE"""),"dan") -> dan | M24: =IFERROR(__xludf.DUMMYFUNCTION("""COMPUTED_VALUE"""),"Hafsah mengatakan bahwa ia ingin belajar di pesantren.") -> Hafsah mengatakan bahwa ia ingin belajar di pesantren. | N24: =IFERROR(__xludf.DUMMYFUNCTION("""COMPUTED_VALUE"""),"Kalimat 2") -> Kalimat 2 | O24: =IFERROR(__xludf.DUMMYFUNCTION("""COMPUTED_VALUE"""),"kehidupan") -> kehidupan | P24: =IFERROR(__xludf.DUMMYFUNCTION("""COMPUTED_VALUE"""),"Parasitisme") -> Parasitisme | Q24: =IFERROR(__xludf.DUMMYFUNCTION("""COMPUTED_VALUE"""),"Angin") -> Angin | R24: =IFERROR(__xludf.DUMMYFUNCTION("""COMPUTED_VALUE"""),"belalang dan ular") -> belalang dan ular | S24: =IFERROR(__xludf.DUMMYFUNCTION("""COMPUTED_VALUE"""),"Daun yang pipih dan lebar") -> Daun yang pipih dan lebar | T24: =IFERROR(__xludf.DUMMYFUNCTION("""COMPUTED_VALUE"""),"Kelinci") -> Kelinci | U24: =IFERROR(__xludf.DUMMYFUNCTION("""COMPUTED_VALUE"""),-64.0) -> -64 | V24: =IFERROR(__xludf.DUMMYFUNCTION("""COMPUTED_VALUE"""),"4/3") -> 4/3 | W24: =IFERROR(__xludf.DUMMYFUNCTION("""COMPUTED_VALUE"""),"1.800 meter") -> 1.800 meter | X24: =IFERROR(__xludf.DUMMYFUNCTION("""COMPUTED_VALUE"""),"22 cm") -> 22 cm | Y24: =IFERROR(__xludf.DUMMYFUNCTION("""COMPUTED_VALUE"""),200.0) -> 200 | Z24: =IF(F24="B. Aku bersaksi bahwa tidak ada tuhan yang berhak di sembah kecuali Allah",1,0) -> 1 | AA24: =IF(G24=6,1,0) -> 1 | AB24: =IF(H24="1 Syawwal",1,0) -> 1 | AC24: =IF(I24="Al 'Alaq",1,0) -> 1 | AD24: =IF(J24="Ali Bin Abi Thalib",1,0) -> 1 | AE24: =sum(Z24:AD24) -> 5 | AF24: =IF(K24="giat",1,0) -> 1 | AG24: =IF(L24="dan",1,0) -> 1 | AH24: =IF(M24="Hafsah mengatakan bahwa ia ingin belajar di pesantren.",1,0) -> 1 | AI24: =IF(N24="Kalimat 1",1,0) -> 0 | AJ24: =IF(O24="cahaya",1,0) -> 0 | AK24: =sum(AF24:AJ24) -> 3 | AL24: =IF(P24="Parasitisme",1,0) -> 1 | AM24: =IF(Q24="Angin",1,0) -> 1 | AN24: =IF(R24="belalang dan ular",1,0) -> 1 | AO24: =IF(S24="Menghasilkan klorofil",1,0) -> 0 | AP24: =IF(T24="Kelinci",1,0) -> 1 | AQ24: =sum(AL24:AP24) -> 4 | AR24: =IF(U24=-64,1,0) -> 1 | AS24: =IF(V24="3/4",1,0) -> 0 | AT24: =IF(W24="1.800 meter",1,0) -> 1 | AU24: =IF(X24="22 cm",1,0) -> 1 | AV24: =IF(Y24="200",1,0) -> 0 | AW24: =sum(AR24:AV24) -> 3 | AY24: =AE24 -> 5 | AZ24: =AK24 -> 3 | BA24: =AQ24 -> 4 | BB24: =AW24 -> 3 | BC24: =sum(AY24:BB24)*5 -> 75
A25: =IFERROR(__xludf.DUMMYFUNCTION("""COMPUTED_VALUE"""),45926.45448480324) -> 45926.454 | B25: =IFERROR(__xludf.DUMMYFUNCTION("""COMPUTED_VALUE"""),"Muhammad Hilmy Ilyasa Rizal") -> Muhammad Hilmy Ilyasa Rizal | C25: =IFERROR(__xludf.DUMMYFUNCTION("""COMPUTED_VALUE"""),"A250014") -> A250014 | D25: =IFERROR(__xludf.DUMMYFUNCTION("""COMPUTED_VALUE"""),"MTs Putra") -> MTs Putra | E25: =IFERROR(__xludf.DUMMYFUNCTION("""COMPUTED_VALUE"""),"Ya") -> Ya | F25: =IFERROR(__xludf.DUMMYFUNCTION("""COMPUTED_VALUE"""),"B. Aku bersaksi bahwa tidak ada tuhan yang berhak di sembah kecuali Allah") -> B. Aku bersaksi bahwa tidak ada tuhan yang berhak di sembah kecuali Allah | G25: =IFERROR(__xludf.DUMMYFUNCTION("""COMPUTED_VALUE"""),6.0) -> 6 | H25: =IFERROR(__xludf.DUMMYFUNCTION("""COMPUTED_VALUE"""),"1 Syawwal") -> 1 Syawwal | I25: =IFERROR(__xludf.DUMMYFUNCTION("""COMPUTED_VALUE"""),"Al 'Alaq") -> Al 'Alaq | J25: =IFERROR(__xludf.DUMMYFUNCTION("""COMPUTED_VALUE"""),"Ali Bin Abi Thalib") -> Ali Bin Abi Thalib | K25: =IFERROR(__xludf.DUMMYFUNCTION("""COMPUTED_VALUE"""),"giat") -> giat | L25: =IFERROR(__xludf.DUMMYFUNCTION("""COMPUTED_VALUE"""),"dan") -> dan | M25: =IFERROR(__xludf.DUMMYFUNCTION("""COMPUTED_VALUE"""),"Hafsah mengatakan bahwa ia ingin belajar di pesantren.") -> Hafsah mengatakan bahwa ia ingin belajar di pesantren. | N25: =IFERROR(__xludf.DUMMYFUNCTION("""COMPUTED_VALUE"""),"Kalimat 2") -> Kalimat 2 | O25: =IFERROR(__xludf.DUMMYFUNCTION("""COMPUTED_VALUE"""),"cahaya") -> cahaya | P25: =IFERROR(__xludf.DUMMYFUNCTION("""COMPUTED_VALUE"""),"Parasitisme") -> Parasitisme | Q25: =IFERROR(__xludf.DUMMYFUNCTION("""COMPUTED_VALUE"""),"Angin") -> Angin | R25: =IFERROR(__xludf.DUMMYFUNCTION("""COMPUTED_VALUE"""),"belalang dan ular") -> belalang dan ular | S25: =IFERROR(__xludf.DUMMYFUNCTION("""COMPUTED_VALUE"""),"Memiliki stomata") -> Memiliki stomata | T25: =IFERROR(__xludf.DUMMYFUNCTION("""COMPUTED_VALUE"""),"Kadal") -> Kadal | U25: =IFERROR(__xludf.DUMMYFUNCTION("""COMPUTED_VALUE"""),-64.0) -> -64 | V25: =IFERROR(__xludf.DUMMYFUNCTION("""COMPUTED_VALUE"""),"3/8") -> 3/8 | W25: =IFERROR(__xludf.DUMMYFUNCTION("""COMPUTED_VALUE"""),"1.800 meter") -> 1.800 meter | X25: =IFERROR(__xludf.DUMMYFUNCTION("""COMPUTED_VALUE"""),"22 cm") -> 22 cm | Y25: =IFERROR(__xludf.DUMMYFUNCTION("""COMPUTED_VALUE"""),200.0) -> 200 | Z25: =IF(F25="B. Aku bersaksi bahwa tidak ada tuhan yang berhak di sembah kecuali Allah",1,0) -> 1 | AA25: =IF(G25=6,1,0) -> 1 | AB25: =IF(H25="1 Syawwal",1,0) -> 1 | AC25: =IF(I25="Al 'Alaq",1,0) -> 1 | AD25: =IF(J25="Ali Bin Abi Thalib",1,0) -> 1 | AE25: =sum(Z25:AD25) -> 5 | AF25: =IF(K25="giat",1,0) -> 1 | AG25: =IF(L25="dan",1,0) -> 1 | AH25: =IF(M25="Hafsah mengatakan bahwa ia ingin belajar di pesantren.",1,0) -> 1 | AI25: =IF(N25="Kalimat 1",1,0) -> 0 | AJ25: =IF(O25="cahaya",1,0) -> 1 | AK25: =sum(AF25:AJ25) -> 4 | AL25: =IF(P25="Parasitisme",1,0) -> 1 | AM25: =IF(Q25="Angin",1,0) -> 1 | AN25: =IF(R25="belalang dan ular",1,0) -> 1 | AO25: =IF(S25="Menghasilkan klorofil",1,0) -> 0 | AP25: =IF(T25="Kelinci",1,0) -> 0 | AQ25: =sum(AL25:AP25) -> 3 | AR25: =IF(U25=-64,1,0) -> 1 | AS25: =IF(V25="3/4",1,0) -> 0 | AT25: =IF(W25="1.800 meter",1,0) -> 1 | AU25: =IF(X25="22 cm",1,0) -> 1 | AV25: =IF(Y25="200",1,0) -> 0 | AW25: =sum(AR25:AV25) -> 3 | AY25: =AE25 -> 5 | AZ25: =AK25 -> 4 | BA25: =AQ25 -> 3 | BB25: =AW25 -> 3 | BC25: =sum(AY25:BB25)*5 -> 75
A26: =IFERROR(__xludf.DUMMYFUNCTION("""COMPUTED_VALUE"""),45926.66487572917) -> 45926.665 | B26: =IFERROR(__xludf.DUMMYFUNCTION("""COMPUTED_VALUE"""),"Nahnurizko nabhan farghali ") -> Nahnurizko nabhan farghali | C26: =IFERROR(__xludf.DUMMYFUNCTION("""COMPUTED_VALUE"""),"A250009") -> A250009 | D26: =IFERROR(__xludf.DUMMYFUNCTION("""COMPUTED_VALUE"""),"MTs Putra") -> MTs Putra | E26: =IFERROR(__xludf.DUMMYFUNCTION("""COMPUTED_VALUE"""),"Ya") -> Ya | F26: =IFERROR(__xludf.DUMMYFUNCTION("""COMPUTED_VALUE"""),"B. Aku bersaksi bahwa tidak ada tuhan yang berhak di sembah kecuali Allah") -> B. Aku bersaksi bahwa tidak ada tuhan yang berhak di sembah kecuali Allah | G26: =IFERROR(__xludf.DUMMYFUNCTION("""COMPUTED_VALUE"""),6.0) -> 6 | H26: =IFERROR(__xludf.DUMMYFUNCTION("""COMPUTED_VALUE"""),"1 Syawwal") -> 1 Syawwal | I26: =IFERROR(__xludf.DUMMYFUNCTION("""COMPUTED_VALUE"""),"Al 'Alaq") -> Al 'Alaq | J26: =IFERROR(__xludf.DUMMYFUNCTION("""COMPUTED_VALUE"""),"Ali Bin Abi Thalib") -> Ali Bin Abi Thalib | K26: =IFERROR(__xludf.DUMMYFUNCTION("""COMPUTED_VALUE"""),"giat") -> giat | L26: =IFERROR(__xludf.DUMMYFUNCTION("""COMPUTED_VALUE"""),"dan") -> dan | M26: =IFERROR(__xludf.DUMMYFUNCTION("""COMPUTED_VALUE"""),"Hafsah mengatakan bahwa ia ingin belajar di pesantren.") -> Hafsah mengatakan bahwa ia ingin belajar di pesantren. | N26: =IFERROR(__xludf.DUMMYFUNCTION("""COMPUTED_VALUE"""),"Kalimat 1") -> Kalimat 1 | O26: =IFERROR(__xludf.DUMMYFUNCTION("""COMPUTED_VALUE"""),"cahaya") -> cahaya | P26: =IFERROR(__xludf.DUMMYFUNCTION("""COMPUTED_VALUE"""),"Parasitisme") -> Parasitisme | Q26: =IFERROR(__xludf.DUMMYFUNCTION("""COMPUTED_VALUE"""),"Angin") -> Angin | R26: =IFERROR(__xludf.DUMMYFUNCTION("""COMPUTED_VALUE"""),"belalang dan ular") -> belalang dan ular | S26: =IFERROR(__xludf.DUMMYFUNCTION("""COMPUTED_VALUE"""),"Daun yang pipih dan lebar") -> Daun yang pipih dan lebar | T26: =IFERROR(__xludf.DUMMYFUNCTION("""COMPUTED_VALUE"""),"Kelinci") -> Kelinci | U26: =IFERROR(__xludf.DUMMYFUNCTION("""COMPUTED_VALUE"""),-64.0) -> -64 | V26: =IFERROR(__xludf.DUMMYFUNCTION("""COMPUTED_VALUE"""),"3/4") -> 3/4 | W26: =IFERROR(__xludf.DUMMYFUNCTION("""COMPUTED_VALUE"""),"1.800 meter") -> 1.800 meter | X26: =IFERROR(__xludf.DUMMYFUNCTION("""COMPUTED_VALUE"""),"22 cm") -> 22 cm | Y26: =IFERROR(__xludf.DUMMYFUNCTION("""COMPUTED_VALUE"""),200.0) -> 200 | Z26: =IF(F26="B. Aku bersaksi bahwa tidak ada tuhan yang berhak di sembah kecuali Allah",1,0) -> 1 | AA26: =IF(G26=6,1,0) -> 1 | AB26: =IF(H26="1 Syawwal",1,0) -> 1 | AC26: =IF(I26="Al 'Alaq",1,0) -> 1 | AD26: =IF(J26="Ali Bin Abi Thalib",1,0) -> 1 | AE26: =sum(Z26:AD26) -> 5 | AF26: =IF(K26="giat",1,0) -> 1 | AG26: =IF(L26="dan",1,0) -> 1 | AH26: =IF(M26="Hafsah mengatakan bahwa ia ingin belajar di pesantren.",1,0) -> 1 | AI26: =IF(N26="Kalimat 1",1,0) -> 1 | AJ26: =IF(O26="cahaya",1,0) -> 1 | AK26: =sum(AF26:AJ26) -> 5 | AL26: =IF(P26="Parasitisme",1,0) -> 1 | AM26: =IF(Q26="Angin",1,0) -> 1 | AN26: =IF(R26="belalang dan ular",1,0) -> 1 | AO26: =IF(S26="Menghasilkan klorofil",1,0) -> 0 | AP26: =IF(T26="Kelinci",1,0) -> 1 | AQ26: =sum(AL26:AP26) -> 4 | AR26: =IF(U26=-64,1,0) -> 1 | AS26: =IF(V26="3/4",1,0) -> 1 | AT26: =IF(W26="1.800 meter",1,0) -> 1 | AU26: =IF(X26="22 cm",1,0) -> 1 | AV26: =IF(Y26="200",1,0) -> 0 | AW26: =sum(AR26:AV26) -> 4 | AY26: =AE26 -> 5 | AZ26: =AK26 -> 5 | BA26: =AQ26 -> 4 | BB26: =AW26 -> 4 | BC26: =sum(AY26:BB26)*5 -> 90
A27: =IFERROR(__xludf.DUMMYFUNCTION("""COMPUTED_VALUE"""),45926.798331122685) -> 45926.798 | B27: =IFERROR(__xludf.DUMMYFUNCTION("""COMPUTED_VALUE"""),"Satria Panca Desmara") -> Satria Panca Desmara | C27: =IFERROR(__xludf.DUMMYFUNCTION("""COMPUTED_VALUE"""),"A250028") -> A250028 | D27: =IFERROR(__xludf.DUMMYFUNCTION("""COMPUTED_VALUE"""),"MTs Putra") -> MTs Putra | E27: =IFERROR(__xludf.DUMMYFUNCTION("""COMPUTED_VALUE"""),"Ya") -> Ya | F27: =IFERROR(__xludf.DUMMYFUNCTION("""COMPUTED_VALUE"""),"B. Aku bersaksi bahwa tidak ada tuhan yang berhak di sembah kecuali Allah") -> B. Aku bersaksi bahwa tidak ada tuhan yang berhak di sembah kecuali Allah | G27: =IFERROR(__xludf.DUMMYFUNCTION("""COMPUTED_VALUE"""),6.0) -> 6 | H27: =IFERROR(__xludf.DUMMYFUNCTION("""COMPUTED_VALUE"""),"1 Syawwal") -> 1 Syawwal | I27: =IFERROR(__xludf.DUMMYFUNCTION("""COMPUTED_VALUE"""),"Al 'Alaq") -> Al 'Alaq | J27: =IFERROR(__xludf.DUMMYFUNCTION("""COMPUTED_VALUE"""),"Ali Bin Abi Thalib") -> Ali Bin Abi Thalib | K27: =IFERROR(__xludf.DUMMYFUNCTION("""COMPUTED_VALUE"""),"giat") -> giat | L27: =IFERROR(__xludf.DUMMYFUNCTION("""COMPUTED_VALUE"""),"dan") -> dan | M27: =IFERROR(__xludf.DUMMYFUNCTION("""COMPUTED_VALUE"""),"Hafsah mengatakan bahwa ia ingin belajar di pesantren.") -> Hafsah mengatakan bahwa ia ingin belajar di pesantren. | N27: =IFERROR(__xludf.DUMMYFUNCTION("""COMPUTED_VALUE"""),"Kalimat 1") -> Kalimat 1 | O27: =IFERROR(__xludf.DUMMYFUNCTION("""COMPUTED_VALUE"""),"cahaya") -> cahaya | P27: =IFERROR(__xludf.DUMMYFUNCTION("""COMPUTED_VALUE"""),"Parasitisme") -> Parasitisme | Q27: =IFERROR(__xludf.DUMMYFUNCTION("""COMPUTED_VALUE"""),"Angin") -> Angin | R27: =IFERROR(__xludf.DUMMYFUNCTION("""COMPUTED_VALUE"""),"belalang dan ular") -> belalang dan ular | S27: =IFERROR(__xludf.DUMMYFUNCTION("""COMPUTED_VALUE"""),"Menghasilkan klorofil") -> Menghasilkan klorofil | T27: =IFERROR(__xludf.DUMMYFUNCTION("""COMPUTED_VALUE"""),"Kelinci") -> Kelinci | U27: =IFERROR(__xludf.DUMMYFUNCTION("""COMPUTED_VALUE"""),-64.0) -> -64 | V27: =IFERROR(__xludf.DUMMYFUNCTION("""COMPUTED_VALUE"""),"3/4") -> 3/4 | W27: =IFERROR(__xludf.DUMMYFUNCTION("""COMPUTED_VALUE"""),"1.800 meter") -> 1.800 meter | X27: =IFERROR(__xludf.DUMMYFUNCTION("""COMPUTED_VALUE"""),"22 cm") -> 22 cm | Y27: =IFERROR(__xludf.DUMMYFUNCTION("""COMPUTED_VALUE"""),200.0) -> 200 | Z27: =IF(F27="B. Aku bersaksi bahwa tidak ada tuhan yang berhak di sembah kecuali Allah",1,0) -> 1 | AA27: =IF(G27=6,1,0) -> 1 | AB27: =IF(H27="1 Syawwal",1,0) -> 1 | AC27: =IF(I27="Al 'Alaq",1,0) -> 1 | AD27: =IF(J27="Ali Bin Abi Thalib",1,0) -> 1 | AE27: =sum(Z27:AD27) -> 5 | AF27: =IF(K27="giat",1,0) -> 1 | AG27: =IF(L27="dan",1,0) -> 1 | AH27: =IF(M27="Hafsah mengatakan bahwa ia ingin belajar di pesantren.",1,0) -> 1 | AI27: =IF(N27="Kalimat 1",1,0) -> 1 | AJ27: =IF(O27="cahaya",1,0) -> 1 | AK27: =sum(AF27:AJ27) -> 5 | AL27: =IF(P27="Parasitisme",1,0) -> 1 | AM27: =IF(Q27="Angin",1,0) -> 1 | AN27: =IF(R27="belalang dan ular",1,0) -> 1 | AO27: =IF(S27="Menghasilkan klorofil",1,0) -> 1 | AP27: =IF(T27="Kelinci",1,0) -> 1 | AQ27: =sum(AL27:AP27) -> 5 | AR27: =IF(U27=-64,1,0) -> 1 | AS27: =IF(V27="3/4",1,0) -> 1 | AT27: =IF(W27="1.800 meter",1,0) -> 1 | AU27: =IF(X27="22 cm",1,0) -> 1 | AV27: =IF(Y27="200",1,0) -> 0 | AW27: =sum(AR27:AV27) -> 4 | AY27: =AE27 -> 5 | AZ27: =AK27 -> 5 | BA27: =AQ27 -> 5 | BB27: =AW27 -> 4 | BC27: =sum(AY27:BB27)*5 -> 95
A28: =IFERROR(__xludf.DUMMYFUNCTION("""COMPUTED_VALUE"""),45926.856671574074) -> 45926.857 | B28: =IFERROR(__xludf.DUMMYFUNCTION("""COMPUTED_VALUE"""),"Hanifah Qurrotul 'Ain ") -> Hanifah Qurrotul 'Ain | C28: =IFERROR(__xludf.DUMMYFUNCTION("""COMPUTED_VALUE"""),"D250002") -> D250002 | D28: =IFERROR(__xludf.DUMMYFUNCTION("""COMPUTED_VALUE"""),"MTs Putri") -> MTs Putri | E28: =IFERROR(__xludf.DUMMYFUNCTION("""COMPUTED_VALUE"""),"Ya") -> Ya | F28: =IFERROR(__xludf.DUMMYFUNCTION("""COMPUTED_VALUE"""),"B. Aku bersaksi bahwa tidak ada tuhan yang berhak di sembah kecuali Allah") -> B. Aku bersaksi bahwa tidak ada tuhan yang berhak di sembah kecuali Allah | G28: =IFERROR(__xludf.DUMMYFUNCTION("""COMPUTED_VALUE"""),6.0) -> 6 | H28: =IFERROR(__xludf.DUMMYFUNCTION("""COMPUTED_VALUE"""),"1 Syawwal") -> 1 Syawwal | I28: =IFERROR(__xludf.DUMMYFUNCTION("""COMPUTED_VALUE"""),"Al 'Alaq") -> Al 'Alaq | J28: =IFERROR(__xludf.DUMMYFUNCTION("""COMPUTED_VALUE"""),"Ali Bin Abi Thalib") -> Ali Bin Abi Thalib | K28: =IFERROR(__xludf.DUMMYFUNCTION("""COMPUTED_VALUE"""),"giat") -> giat | L28: =IFERROR(__xludf.DUMMYFUNCTION("""COMPUTED_VALUE"""),"dan") -> dan | M28: =IFERROR(__xludf.DUMMYFUNCTION("""COMPUTED_VALUE"""),"Hafsah mengatakan bahwa ia ingin belajar di pesantren.") -> Hafsah mengatakan bahwa ia ingin belajar di pesantren. | N28: =IFERROR(__xludf.DUMMYFUNCTION("""COMPUTED_VALUE"""),"Kalimat 1") -> Kalimat 1 | O28: =IFERROR(__xludf.DUMMYFUNCTION("""COMPUTED_VALUE"""),"cahaya") -> cahaya | P28: =IFERROR(__xludf.DUMMYFUNCTION("""COMPUTED_VALUE"""),"Parasitisme") -> Parasitisme | Q28: =IFERROR(__xludf.DUMMYFUNCTION("""COMPUTED_VALUE"""),"Angin") -> Angin | R28: =IFERROR(__xludf.DUMMYFUNCTION("""COMPUTED_VALUE"""),"belalang dan ular") -> belalang dan ular | S28: =IFERROR(__xludf.DUMMYFUNCTION("""COMPUTED_VALUE"""),"Daun yang pipih dan lebar") -> Daun yang pipih dan lebar | T28: =IFERROR(__xludf.DUMMYFUNCTION("""COMPUTED_VALUE"""),"Kelinci") -> Kelinci | U28: =IFERROR(__xludf.DUMMYFUNCTION("""COMPUTED_VALUE"""),-64.0) -> -64 | V28: =IFERROR(__xludf.DUMMYFUNCTION("""COMPUTED_VALUE"""),1.0) -> 1 | W28: =IFERROR(__xludf.DUMMYFUNCTION("""COMPUTED_VALUE"""),"1.800 meter") -> 1.800 meter | X28: =IFERROR(__xludf.DUMMYFUNCTION("""COMPUTED_VALUE"""),"22 cm") -> 22 cm | Y28: =IFERROR(__xludf.DUMMYFUNCTION("""COMPUTED_VALUE"""),200.0) -> 200 | Z28: =IF(F28="B. Aku bersaksi bahwa tidak ada tuhan yang berhak di sembah kecuali Allah",1,0) -> 1 | AA28: =IF(G28=6,1,0) -> 1 | AB28: =IF(H28="1 Syawwal",1,0) -> 1 | AC28: =IF(I28="Al 'Alaq",1,0) -> 1 | AD28: =IF(J28="Ali Bin Abi Thalib",1,0) -> 1 | AE28: =sum(Z28:AD28) -> 5 | AF28: =IF(K28="giat",1,0) -> 1 | AG28: =IF(L28="dan",1,0) -> 1 | AH28: =IF(M28="Hafsah mengatakan bahwa ia ingin belajar di pesantren.",1,0) -> 1 | AI28: =IF(N28="Kalimat 1",1,0) -> 1 | AJ28: =IF(O28="cahaya",1,0) -> 1 | AK28: =sum(AF28:AJ28) -> 5 | AL28: =IF(P28="Parasitisme",1,0) -> 1 | AM28: =IF(Q28="Angin",1,0) -> 1 | AN28: =IF(R28="belalang dan ular",1,0) -> 1 | AO28: =IF(S28="Menghasilkan klorofil",1,0) -> 0 | AP28: =IF(T28="Kelinci",1,0) -> 1 | AQ28: =sum(AL28:AP28) -> 4 | AR28: =IF(U28=-64,1,0) -> 1 | AS28: =IF(V28="3/4",1,0) -> 0 | AT28: =IF(W28="1.800 meter",1,0) -> 1 | AU28: =IF(X28="22 cm",1,0) -> 1 | AV28: =IF(Y28="200",1,0) -> 0 | AW28: =sum(AR28:AV28) -> 3 | AY28: =AE28 -> 5 | AZ28: =AK28 -> 5 | BA28: =AQ28 -> 4 | BB28: =AW28 -> 3 | BC28: =sum(AY28:BB28)*5 -> 85
A29: =IFERROR(__xludf.DUMMYFUNCTION("""COMPUTED_VALUE"""),45926.856941018515) -> 45926.857 | B29: =IFERROR(__xludf.DUMMYFUNCTION("""COMPUTED_VALUE"""),"Muhammad Asyam Abdullah ") -> Muhammad Asyam Abdullah | C29: =IFERROR(__xludf.DUMMYFUNCTION("""COMPUTED_VALUE"""),"A250010") -> A250010 | D29: =IFERROR(__xludf.DUMMYFUNCTION("""COMPUTED_VALUE"""),"MTs Putra") -> MTs Putra | E29: =IFERROR(__xludf.DUMMYFUNCTION("""COMPUTED_VALUE"""),"Ya") -> Ya | F29: =IFERROR(__xludf.DUMMYFUNCTION("""COMPUTED_VALUE"""),"B. Aku bersaksi bahwa tidak ada tuhan yang berhak di sembah kecuali Allah") -> B. Aku bersaksi bahwa tidak ada tuhan yang berhak di sembah kecuali Allah | G29: =IFERROR(__xludf.DUMMYFUNCTION("""COMPUTED_VALUE"""),6.0) -> 6 | H29: =IFERROR(__xludf.DUMMYFUNCTION("""COMPUTED_VALUE"""),"1 Syawwal") -> 1 Syawwal | I29: =IFERROR(__xludf.DUMMYFUNCTION("""COMPUTED_VALUE"""),"Al 'Alaq") -> Al 'Alaq | J29: =IFERROR(__xludf.DUMMYFUNCTION("""COMPUTED_VALUE"""),"Ali Bin Abi Thalib") -> Ali Bin Abi Thalib | K29: =IFERROR(__xludf.DUMMYFUNCTION("""COMPUTED_VALUE"""),"malas") -> malas | L29: =IFERROR(__xludf.DUMMYFUNCTION("""COMPUTED_VALUE"""),"dan") -> dan | M29: =IFERROR(__xludf.DUMMYFUNCTION("""COMPUTED_VALUE"""),"Hafsah mengatakan bahwa ia ingin belajar di pesantren.") -> Hafsah mengatakan bahwa ia ingin belajar di pesantren. | N29: =IFERROR(__xludf.DUMMYFUNCTION("""COMPUTED_VALUE"""),"Kalimat 2") -> Kalimat 2 | O29: =IFERROR(__xludf.DUMMYFUNCTION("""COMPUTED_VALUE"""),"cahaya") -> cahaya | P29: =IFERROR(__xludf.DUMMYFUNCTION("""COMPUTED_VALUE"""),"Komensalisme") -> Komensalisme | Q29: =IFERROR(__xludf.DUMMYFUNCTION("""COMPUTED_VALUE"""),"Angin") -> Angin | R29: =IFERROR(__xludf.DUMMYFUNCTION("""COMPUTED_VALUE"""),"belalang dan ular") -> belalang dan ular | S29: =IFERROR(__xludf.DUMMYFUNCTION("""COMPUTED_VALUE"""),"Menghasilkan klorofil") -> Menghasilkan klorofil | T29: =IFERROR(__xludf.DUMMYFUNCTION("""COMPUTED_VALUE"""),"Buaya") -> Buaya | U29: =IFERROR(__xludf.DUMMYFUNCTION("""COMPUTED_VALUE"""),-64.0) -> -64 | V29: =IFERROR(__xludf.DUMMYFUNCTION("""COMPUTED_VALUE"""),"3/4") -> 3/4 | W29: =IFERROR(__xludf.DUMMYFUNCTION("""COMPUTED_VALUE"""),"1.800 meter") -> 1.800 meter | X29: =IFERROR(__xludf.DUMMYFUNCTION("""COMPUTED_VALUE"""),"22 cm") -> 22 cm | Y29: =IFERROR(__xludf.DUMMYFUNCTION("""COMPUTED_VALUE"""),200.0) -> 200 | Z29: =IF(F29="B. Aku bersaksi bahwa tidak ada tuhan yang berhak di sembah kecuali Allah",1,0) -> 1 | AA29: =IF(G29=6,1,0) -> 1 | AB29: =IF(H29="1 Syawwal",1,0) -> 1 | AC29: =IF(I29="Al 'Alaq",1,0) -> 1 | AD29: =IF(J29="Ali Bin Abi Thalib",1,0) -> 1 | AE29: =sum(Z29:AD29) -> 5 | AF29: =IF(K29="giat",1,0) -> 0 | AG29: =IF(L29="dan",1,0) -> 1 | AH29: =IF(M29="Hafsah mengatakan bahwa ia ingin belajar di pesantren.",1,0) -> 1 | AI29: =IF(N29="Kalimat 1",1,0) -> 0 | AJ29: =IF(O29="cahaya",1,0) -> 1 | AK29: =sum(AF29:AJ29) -> 3 | AL29: =IF(P29="Parasitisme",1,0) -> 0 | AM29: =IF(Q29="Angin",1,0) -> 1 | AN29: =IF(R29="belalang dan ular",1,0) -> 1 | AO29: =IF(S29="Menghasilkan klorofil",1,0) -> 1 | AP29: =IF(T29="Kelinci",1,0) -> 0 | AQ29: =sum(AL29:AP29) -> 3 | AR29: =IF(U29=-64,1,0) -> 1 | AS29: =IF(V29="3/4",1,0) -> 1 | AT29: =IF(W29="1.800 meter",1,0) -> 1 | AU29: =IF(X29="22 cm",1,0) -> 1 | AV29: =IF(Y29="200",1,0) -> 0 | AW29: =sum(AR29:AV29) -> 4 | AY29: =AE29 -> 5 | AZ29: =AK29 -> 3 | BA29: =AQ29 -> 3 | BB29: =AW29 -> 4 | BC29: =sum(AY29:BB29)*5 -> 75
A30: =IFERROR(__xludf.DUMMYFUNCTION("""COMPUTED_VALUE"""),45926.91359059028) -> 45926.914 | B30: =IFERROR(__xludf.DUMMYFUNCTION("""COMPUTED_VALUE"""),"NOUVALLDY FRZANI PRAYOGA") -> NOUVALLDY FRZANI PRAYOGA | C30: =IFERROR(__xludf.DUMMYFUNCTION("""COMPUTED_VALUE"""),"A250023") -> A250023 | D30: =IFERROR(__xludf.DUMMYFUNCTION("""COMPUTED_VALUE"""),"MTs Putra") -> MTs Putra | E30: =IFERROR(__xludf.DUMMYFUNCTION("""COMPUTED_VALUE"""),"Ya") -> Ya | F30: =IFERROR(__xludf.DUMMYFUNCTION("""COMPUTED_VALUE"""),"B. Aku bersaksi bahwa tidak ada tuhan yang berhak di sembah kecuali Allah") -> B. Aku bersaksi bahwa tidak ada tuhan yang berhak di sembah kecuali Allah | G30: =IFERROR(__xludf.DUMMYFUNCTION("""COMPUTED_VALUE"""),6.0) -> 6 | H30: =IFERROR(__xludf.DUMMYFUNCTION("""COMPUTED_VALUE"""),"1 Syawwal") -> 1 Syawwal | I30: =IFERROR(__xludf.DUMMYFUNCTION("""COMPUTED_VALUE"""),"Al 'Alaq") -> Al 'Alaq | J30: =IFERROR(__xludf.DUMMYFUNCTION("""COMPUTED_VALUE"""),"Ali Bin Abi Thalib") -> Ali Bin Abi Thalib | K30: =IFERROR(__xludf.DUMMYFUNCTION("""COMPUTED_VALUE"""),"giat") -> giat | L30: =IFERROR(__xludf.DUMMYFUNCTION("""COMPUTED_VALUE"""),"dan") -> dan | M30: =IFERROR(__xludf.DUMMYFUNCTION("""COMPUTED_VALUE"""),"Hafsah berkata aku ingin belajar di pesantren.") -> Hafsah berkata aku ingin belajar di pesantren. | N30: =IFERROR(__xludf.DUMMYFUNCTION("""COMPUTED_VALUE"""),"Kalimat 1") -> Kalimat 1 | O30: =IFERROR(__xludf.DUMMYFUNCTION("""COMPUTED_VALUE"""),"cahaya") -> cahaya | P30: =IFERROR(__xludf.DUMMYFUNCTION("""COMPUTED_VALUE"""),"Parasitisme") -> Parasitisme | Q30: =IFERROR(__xludf.DUMMYFUNCTION("""COMPUTED_VALUE"""),"Angin") -> Angin | R30: =IFERROR(__xludf.DUMMYFUNCTION("""COMPUTED_VALUE"""),"belalang dan ular") -> belalang dan ular | S30: =IFERROR(__xludf.DUMMYFUNCTION("""COMPUTED_VALUE"""),"Daun yang pipih dan lebar") -> Daun yang pipih dan lebar | T30: =IFERROR(__xludf.DUMMYFUNCTION("""COMPUTED_VALUE"""),"Kelinci") -> Kelinci | U30: =IFERROR(__xludf.DUMMYFUNCTION("""COMPUTED_VALUE"""),-64.0) -> -64 | V30: =IFERROR(__xludf.DUMMYFUNCTION("""COMPUTED_VALUE"""),"3/4") -> 3/4 | W30: =IFERROR(__xludf.DUMMYFUNCTION("""COMPUTED_VALUE"""),"1.800 meter") -> 1.800 meter | X30: =IFERROR(__xludf.DUMMYFUNCTION("""COMPUTED_VALUE"""),"22 cm") -> 22 cm | Y30: =IFERROR(__xludf.DUMMYFUNCTION("""COMPUTED_VALUE"""),200.0) -> 200 | Z30: =IF(F30="B. Aku bersaksi bahwa tidak ada tuhan yang berhak di sembah kecuali Allah",1,0) -> 1 | AA30: =IF(G30=6,1,0) -> 1 | AB30: =IF(H30="1 Syawwal",1,0) -> 1 | AC30: =IF(I30="Al 'Alaq",1,0) -> 1 | AD30: =IF(J30="Ali Bin Abi Thalib",1,0) -> 1 | AE30: =sum(Z30:AD30) -> 5 | AF30: =IF(K30="giat",1,0) -> 1 | AG30: =IF(L30="dan",1,0) -> 1 | AH30: =IF(M30="Hafsah mengatakan bahwa ia ingin belajar di pesantren.",1,0) -> 0 | AI30: =IF(N30="Kalimat 1",1,0) -> 1 | AJ30: =IF(O30="cahaya",1,0) -> 1 | AK30: =sum(AF30:AJ30) -> 4 | AL30: =IF(P30="Parasitisme",1,0) -> 1 | AM30: =IF(Q30="Angin",1,0) -> 1 | AN30: =IF(R30="belalang dan ular",1,0) -> 1 | AO30: =IF(S30="Menghasilkan klorofil",1,0) -> 0 | AP30: =IF(T30="Kelinci",1,0) -> 1 | AQ30: =sum(AL30:AP30) -> 4 | AR30: =IF(U30=-64,1,0) -> 1 | AS30: =IF(V30="3/4",1,0) -> 1 | AT30: =IF(W30="1.800 meter",1,0) -> 1 | AU30: =IF(X30="22 cm",1,0) -> 1 | AV30: =IF(Y30="200",1,0) -> 0 | AW30: =sum(AR30:AV30) -> 4 | AY30: =AE30 -> 5 | AZ30: =AK30 -> 4 | BA30: =AQ30 -> 4 | BB30: =AW30 -> 4 | BC30: =sum(AY30:BB30)*5 -> 85
A31: =IFERROR(__xludf.DUMMYFUNCTION("""COMPUTED_VALUE"""),45927.29628578704) -> 45927.296 | B31: =IFERROR(__xludf.DUMMYFUNCTION("""COMPUTED_VALUE"""),"MUHAMMAD HANIF ASH SHIDDIQ") -> MUHAMMAD HANIF ASH SHIDDIQ | C31: =IFERROR(__xludf.DUMMYFUNCTION("""COMPUTED_VALUE"""),"A250048") -> A250048 | D31: =IFERROR(__xludf.DUMMYFUNCTION("""COMPUTED_VALUE"""),"MTs Putra") -> MTs Putra | E31: =IFERROR(__xludf.DUMMYFUNCTION("""COMPUTED_VALUE"""),"Ya") -> Ya | F31: =IFERROR(__xludf.DUMMYFUNCTION("""COMPUTED_VALUE"""),"B. Aku bersaksi bahwa tidak ada tuhan yang berhak di sembah kecuali Allah") -> B. Aku bersaksi bahwa tidak ada tuhan yang berhak di sembah kecuali Allah | G31: =IFERROR(__xludf.DUMMYFUNCTION("""COMPUTED_VALUE"""),6.0) -> 6 | H31: =IFERROR(__xludf.DUMMYFUNCTION("""COMPUTED_VALUE"""),"1 Syawwal") -> 1 Syawwal | I31: =IFERROR(__xludf.DUMMYFUNCTION("""COMPUTED_VALUE"""),"Al 'Alaq") -> Al 'Alaq | J31: =IFERROR(__xludf.DUMMYFUNCTION("""COMPUTED_VALUE"""),"Ali Bin Abi Thalib") -> Ali Bin Abi Thalib | K31: =IFERROR(__xludf.DUMMYFUNCTION("""COMPUTED_VALUE"""),"malas") -> malas | L31: =IFERROR(__xludf.DUMMYFUNCTION("""COMPUTED_VALUE"""),"dan") -> dan | M31: =IFERROR(__xludf.DUMMYFUNCTION("""COMPUTED_VALUE"""),"Hafsah mengatakan bahwa ia ingin belajar di pesantren.") -> Hafsah mengatakan bahwa ia ingin belajar di pesantren. | N31: =IFERROR(__xludf.DUMMYFUNCTION("""COMPUTED_VALUE"""),"Kalimat 2") -> Kalimat 2 | O31: =IFERROR(__xludf.DUMMYFUNCTION("""COMPUTED_VALUE"""),"cahaya") -> cahaya | P31: =IFERROR(__xludf.DUMMYFUNCTION("""COMPUTED_VALUE"""),"Parasitisme") -> Parasitisme | Q31: =IFERROR(__xludf.DUMMYFUNCTION("""COMPUTED_VALUE"""),"Angin") -> Angin | R31: =IFERROR(__xludf.DUMMYFUNCTION("""COMPUTED_VALUE"""),"belalang dan ular") -> belalang dan ular | S31: =IFERROR(__xludf.DUMMYFUNCTION("""COMPUTED_VALUE"""),"Menghasilkan klorofil") -> Menghasilkan klorofil | T31: =IFERROR(__xludf.DUMMYFUNCTION("""COMPUTED_VALUE"""),"Buaya") -> Buaya | U31: =IFERROR(__xludf.DUMMYFUNCTION("""COMPUTED_VALUE"""),-56.0) -> -56 | V31: =IFERROR(__xludf.DUMMYFUNCTION("""COMPUTED_VALUE"""),"3/4") -> 3/4 | W31: =IFERROR(__xludf.DUMMYFUNCTION("""COMPUTED_VALUE"""),"1.800 meter") -> 1.800 meter | X31: =IFERROR(__xludf.DUMMYFUNCTION("""COMPUTED_VALUE"""),"22 cm") -> 22 cm | Y31: =IFERROR(__xludf.DUMMYFUNCTION("""COMPUTED_VALUE"""),200.0) -> 200 | Z31: =IF(F31="B. Aku bersaksi bahwa tidak ada tuhan yang berhak di sembah kecuali Allah",1,0) -> 1 | AA31: =IF(G31=6,1,0) -> 1 | AB31: =IF(H31="1 Syawwal",1,0) -> 1 | AC31: =IF(I31="Al 'Alaq",1,0) -> 1 | AD31: =IF(J31="Ali Bin Abi Thalib",1,0) -> 1 | AE31: =sum(Z31:AD31) -> 5 | AF31: =IF(K31="giat",1,0) -> 0 | AG31: =IF(L31="dan",1,0) -> 1 | AH31: =IF(M31="Hafsah mengatakan bahwa ia ingin belajar di pesantren.",1,0) -> 1 | AI31: =IF(N31="Kalimat 1",1,0) -> 0 | AJ31: =IF(O31="cahaya",1,0) -> 1 | AK31: =sum(AF31:AJ31) -> 3 | AL31: =IF(P31="Parasitisme",1,0) -> 1 | AM31: =IF(Q31="Angin",1,0) -> 1 | AN31: =IF(R31="belalang dan ular",1,0) -> 1 | AO31: =IF(S31="Menghasilkan klorofil",1,0) -> 1 | AP31: =IF(T31="Kelinci",1,0) -> 0 | AQ31: =sum(AL31:AP31) -> 4 | AR31: =IF(U31=-64,1,0) -> 0 | AS31: =IF(V31="3/4",1,0) -> 1 | AT31: =IF(W31="1.800 meter",1,0) -> 1 | AU31: =IF(X31="22 cm",1,0) -> 1 | AV31: =IF(Y31="200",1,0) -> 0 | AW31: =sum(AR31:AV31) -> 3 | AY31: =AE31 -> 5 | AZ31: =AK31 -> 3 | BA31: =AQ31 -> 4 | BB31: =AW31 -> 3 | BC31: =sum(AY31:BB31)*5 -> 75
A32: =IFERROR(__xludf.DUMMYFUNCTION("""COMPUTED_VALUE"""),45927.40113712963) -> 45927.401 | B32: =IFERROR(__xludf.DUMMYFUNCTION("""COMPUTED_VALUE"""),"Janeeta Candy Hinata") -> Janeeta Candy Hinata | C32: =IFERROR(__xludf.DUMMYFUNCTION("""COMPUTED_VALUE"""),"D250004") -> D250004 | D32: =IFERROR(__xludf.DUMMYFUNCTION("""COMPUTED_VALUE"""),"MTs Putri") -> MTs Putri | E32: =IFERROR(__xludf.DUMMYFUNCTION("""COMPUTED_VALUE"""),"Ya") -> Ya | F32: =IFERROR(__xludf.DUMMYFUNCTION("""COMPUTED_VALUE"""),"B. Aku bersaksi bahwa tidak ada tuhan yang berhak di sembah kecuali Allah") -> B. Aku bersaksi bahwa tidak ada tuhan yang berhak di sembah kecuali Allah | G32: =IFERROR(__xludf.DUMMYFUNCTION("""COMPUTED_VALUE"""),6.0) -> 6 | H32: =IFERROR(__xludf.DUMMYFUNCTION("""COMPUTED_VALUE"""),"1 Syawwal") -> 1 Syawwal | I32: =IFERROR(__xludf.DUMMYFUNCTION("""COMPUTED_VALUE"""),"Al 'Alaq") -> Al 'Alaq | J32: =IFERROR(__xludf.DUMMYFUNCTION("""COMPUTED_VALUE"""),"Ali Bin Abi Thalib") -> Ali Bin Abi Thalib | K32: =IFERROR(__xludf.DUMMYFUNCTION("""COMPUTED_VALUE"""),"giat") -> giat | L32: =IFERROR(__xludf.DUMMYFUNCTION("""COMPUTED_VALUE"""),"dan") -> dan | M32: =IFERROR(__xludf.DUMMYFUNCTION("""COMPUTED_VALUE"""),"Hafsah mengatakan bahwa ia ingin belajar di pesantren.") -> Hafsah mengatakan bahwa ia ingin belajar di pesantren. | N32: =IFERROR(__xludf.DUMMYFUNCTION("""COMPUTED_VALUE"""),"Kalimat 1") -> Kalimat 1 | O32: =IFERROR(__xludf.DUMMYFUNCTION("""COMPUTED_VALUE"""),"cahaya") -> cahaya | P32: =IFERROR(__xludf.DUMMYFUNCTION("""COMPUTED_VALUE"""),"Komensalisme") -> Komensalisme | Q32: =IFERROR(__xludf.DUMMYFUNCTION("""COMPUTED_VALUE"""),"Angin") -> Angin | R32: =IFERROR(__xludf.DUMMYFUNCTION("""COMPUTED_VALUE"""),"belalang dan ular") -> belalang dan ular | S32: =IFERROR(__xludf.DUMMYFUNCTION("""COMPUTED_VALUE"""),"Menghasilkan klorofil") -> Menghasilkan klorofil | T32: =IFERROR(__xludf.DUMMYFUNCTION("""COMPUTED_VALUE"""),"Kelinci") -> Kelinci | U32: =IFERROR(__xludf.DUMMYFUNCTION("""COMPUTED_VALUE"""),-64.0) -> -64 | V32: =IFERROR(__xludf.DUMMYFUNCTION("""COMPUTED_VALUE"""),"3/4") -> 3/4 | W32: =IFERROR(__xludf.DUMMYFUNCTION("""COMPUTED_VALUE"""),"1.800 meter") -> 1.800 meter | X32: =IFERROR(__xludf.DUMMYFUNCTION("""COMPUTED_VALUE"""),"22 cm") -> 22 cm | Y32: =IFERROR(__xludf.DUMMYFUNCTION("""COMPUTED_VALUE"""),200.0) -> 200 | Z32: =IF(F32="B. Aku bersaksi bahwa tidak ada tuhan yang berhak di sembah kecuali Allah",1,0) -> 1 | AA32: =IF(G32=6,1,0) -> 1 | AB32: =IF(H32="1 Syawwal",1,0) -> 1 | AC32: =IF(I32="Al 'Alaq",1,0) -> 1 | AD32: =IF(J32="Ali Bin Abi Thalib",1,0) -> 1 | AE32: =sum(Z32:AD32) -> 5 | AF32: =IF(K32="giat",1,0) -> 1 | AG32: =IF(L32="dan",1,0) -> 1 | AH32: =IF(M32="Hafsah mengatakan bahwa ia ingin belajar di pesantren.",1,0) -> 1 | AI32: =IF(N32="Kalimat 1",1,0) -> 1 | AJ32: =IF(O32="cahaya",1,0) -> 1 | AK32: =sum(AF32:AJ32) -> 5 | AL32: =IF(P32="Parasitisme",1,0) -> 0 | AM32: =IF(Q32="Angin",1,0) -> 1 | AN32: =IF(R32="belalang dan ular",1,0) -> 1 | AO32: =IF(S32="Menghasilkan klorofil",1,0) -> 1 | AP32: =IF(T32="Kelinci",1,0) -> 1 | AQ32: =sum(AL32:AP32) -> 4 | AR32: =IF(U32=-64,1,0) -> 1 | AS32: =IF(V32="3/4",1,0) -> 1 | AT32: =IF(W32="1.800 meter",1,0) -> 1 | AU32: =IF(X32="22 cm",1,0) -> 1 | AV32: =IF(Y32="200",1,0) -> 0 | AW32: =sum(AR32:AV32) -> 4 | AY32: =AE32 -> 5 | AZ32: =AK32 -> 5 | BA32: =AQ32 -> 4 | BB32: =AW32 -> 4 | BC32: =sum(AY32:BB32)*5 -> 90
A33: =IFERROR(__xludf.DUMMYFUNCTION("""COMPUTED_VALUE"""),45927.41532101852) -> 45927.415 | B33: =IFERROR(__xludf.DUMMYFUNCTION("""COMPUTED_VALUE"""),"Alesha az zahra saputra") -> Alesha az zahra saputra | C33: =IFERROR(__xludf.DUMMYFUNCTION("""COMPUTED_VALUE"""),"D250011") -> D250011 | D33: =IFERROR(__xludf.DUMMYFUNCTION("""COMPUTED_VALUE"""),"MTs Putri") -> MTs Putri | E33: =IFERROR(__xludf.DUMMYFUNCTION("""COMPUTED_VALUE"""),"Ya") -> Ya | F33: =IFERROR(__xludf.DUMMYFUNCTION("""COMPUTED_VALUE"""),"B. Aku bersaksi bahwa tidak ada tuhan yang berhak di sembah kecuali Allah") -> B. Aku bersaksi bahwa tidak ada tuhan yang berhak di sembah kecuali Allah | G33: =IFERROR(__xludf.DUMMYFUNCTION("""COMPUTED_VALUE"""),6.0) -> 6 | H33: =IFERROR(__xludf.DUMMYFUNCTION("""COMPUTED_VALUE"""),"1 Syawwal") -> 1 Syawwal | I33: =IFERROR(__xludf.DUMMYFUNCTION("""COMPUTED_VALUE"""),"Al 'Alaq") -> Al 'Alaq | J33: =IFERROR(__xludf.DUMMYFUNCTION("""COMPUTED_VALUE"""),"Ali Bin Abi Thalib") -> Ali Bin Abi Thalib | K33: =IFERROR(__xludf.DUMMYFUNCTION("""COMPUTED_VALUE"""),"giat") -> giat | L33: =IFERROR(__xludf.DUMMYFUNCTION("""COMPUTED_VALUE"""),"dan") -> dan | M33: =IFERROR(__xludf.DUMMYFUNCTION("""COMPUTED_VALUE"""),"Hafsah mengatakan bahwa ia ingin belajar di pesantren.") -> Hafsah mengatakan bahwa ia ingin belajar di pesantren. | N33: =IFERROR(__xludf.DUMMYFUNCTION("""COMPUTED_VALUE"""),"Kalimat 1") -> Kalimat 1 | O33: =IFERROR(__xludf.DUMMYFUNCTION("""COMPUTED_VALUE"""),"cahaya") -> cahaya | P33: =IFERROR(__xludf.DUMMYFUNCTION("""COMPUTED_VALUE"""),"Parasitisme") -> Parasitisme | Q33: =IFERROR(__xludf.DUMMYFUNCTION("""COMPUTED_VALUE"""),"Angin") -> Angin | R33: =IFERROR(__xludf.DUMMYFUNCTION("""COMPUTED_VALUE"""),"belalang dan ular") -> belalang dan ular | S33: =IFERROR(__xludf.DUMMYFUNCTION("""COMPUTED_VALUE"""),"Daun yang pipih dan lebar") -> Daun yang pipih dan lebar | T33: =IFERROR(__xludf.DUMMYFUNCTION("""COMPUTED_VALUE"""),"Kelinci") -> Kelinci | U33: =IFERROR(__xludf.DUMMYFUNCTION("""COMPUTED_VALUE"""),-64.0) -> -64 | V33: =IFERROR(__xludf.DUMMYFUNCTION("""COMPUTED_VALUE"""),"3/4") -> 3/4 | W33: =IFERROR(__xludf.DUMMYFUNCTION("""COMPUTED_VALUE"""),"1.800 meter") -> 1.800 meter | X33: =IFERROR(__xludf.DUMMYFUNCTION("""COMPUTED_VALUE"""),"22 cm") -> 22 cm | Y33: =IFERROR(__xludf.DUMMYFUNCTION("""COMPUTED_VALUE"""),200.0) -> 200 | Z33: =IF(F33="B. Aku bersaksi bahwa tidak ada tuhan yang berhak di sembah kecuali Allah",1,0) -> 1 | AA33: =IF(G33=6,1,0) -> 1 | AB33: =IF(H33="1 Syawwal",1,0) -> 1 | AC33: =IF(I33="Al 'Alaq",1,0) -> 1 | AD33: =IF(J33="Ali Bin Abi Thalib",1,0) -> 1 | AE33: =sum(Z33:AD33) -> 5 | AF33: =IF(K33="giat",1,0) -> 1 | AG33: =IF(L33="dan",1,0) -> 1 | AH33: =IF(M33="Hafsah mengatakan bahwa ia ingin belajar di pesantren.",1,0) -> 1 | AI33: =IF(N33="Kalimat 1",1,0) -> 1 | AJ33: =IF(O33="cahaya",1,0) -> 1 | AK33: =sum(AF33:AJ33) -> 5 | AL33: =IF(P33="Parasitisme",1,0) -> 1 | AM33: =IF(Q33="Angin",1,0) -> 1 | AN33: =IF(R33="belalang dan ular",1,0) -> 1 | AO33: =IF(S33="Menghasilkan klorofil",1,0) -> 0 | AP33: =IF(T33="Kelinci",1,0) -> 1 | AQ33: =sum(AL33:AP33) -> 4 | AR33: =IF(U33=-64,1,0) -> 1 | AS33: =IF(V33="3/4",1,0) -> 1 | AT33: =IF(W33="1.800 meter",1,0) -> 1 | AU33: =IF(X33="22 cm",1,0) -> 1 | AV33: =IF(Y33="200",1,0) -> 0 | AW33: =sum(AR33:AV33) -> 4 | AY33: =AE33 -> 5 | AZ33: =AK33 -> 5 | BA33: =AQ33 -> 4 | BB33: =AW33 -> 4 | BC33: =sum(AY33:BB33)*5 -> 90
A34: =IFERROR(__xludf.DUMMYFUNCTION("""COMPUTED_VALUE"""),45927.60206704861) -> 45927.602 | B34: =IFERROR(__xludf.DUMMYFUNCTION("""COMPUTED_VALUE"""),"Muhammad Kamil Athaillah Rizki") -> Muhammad Kamil Athaillah Rizki | C34: =IFERROR(__xludf.DUMMYFUNCTION("""COMPUTED_VALUE"""),"A250053") -> A250053 | D34: =IFERROR(__xludf.DUMMYFUNCTION("""COMPUTED_VALUE"""),"MTs Putra") -> MTs Putra | E34: =IFERROR(__xludf.DUMMYFUNCTION("""COMPUTED_VALUE"""),"Ya") -> Ya | F34: =IFERROR(__xludf.DUMMYFUNCTION("""COMPUTED_VALUE"""),"B. Aku bersaksi bahwa tidak ada tuhan yang berhak di sembah kecuali Allah") -> B. Aku bersaksi bahwa tidak ada tuhan yang berhak di sembah kecuali Allah | G34: =IFERROR(__xludf.DUMMYFUNCTION("""COMPUTED_VALUE"""),6.0) -> 6 | H34: =IFERROR(__xludf.DUMMYFUNCTION("""COMPUTED_VALUE"""),"1 Syawwal") -> 1 Syawwal | I34: =IFERROR(__xludf.DUMMYFUNCTION("""COMPUTED_VALUE"""),"Al 'Alaq") -> Al 'Alaq | J34: =IFERROR(__xludf.DUMMYFUNCTION("""COMPUTED_VALUE"""),"Ali Bin Abi Thalib") -> Ali Bin Abi Thalib | K34: =IFERROR(__xludf.DUMMYFUNCTION("""COMPUTED_VALUE"""),"malas") -> malas | L34: =IFERROR(__xludf.DUMMYFUNCTION("""COMPUTED_VALUE"""),"dan") -> dan | M34: =IFERROR(__xludf.DUMMYFUNCTION("""COMPUTED_VALUE"""),"Aku berkata Hafsah ingin belajar di pesantren.") -> Aku berkata Hafsah ingin belajar di pesantren. | N34: =IFERROR(__xludf.DUMMYFUNCTION("""COMPUTED_VALUE"""),"Kalimat 1") -> Kalimat 1 | O34: =IFERROR(__xludf.DUMMYFUNCTION("""COMPUTED_VALUE"""),"cahaya") -> cahaya | P34: =IFERROR(__xludf.DUMMYFUNCTION("""COMPUTED_VALUE"""),"Parasitisme") -> Parasitisme | Q34: =IFERROR(__xludf.DUMMYFUNCTION("""COMPUTED_VALUE"""),"Angin") -> Angin | R34: =IFERROR(__xludf.DUMMYFUNCTION("""COMPUTED_VALUE"""),"belalang dan ular") -> belalang dan ular | S34: =IFERROR(__xludf.DUMMYFUNCTION("""COMPUTED_VALUE"""),"Memiliki stomata") -> Memiliki stomata | T34: =IFERROR(__xludf.DUMMYFUNCTION("""COMPUTED_VALUE"""),"Kelinci") -> Kelinci | U34: =IFERROR(__xludf.DUMMYFUNCTION("""COMPUTED_VALUE"""),-64.0) -> -64 | V34: =IFERROR(__xludf.DUMMYFUNCTION("""COMPUTED_VALUE"""),"3/4") -> 3/4 | W34: =IFERROR(__xludf.DUMMYFUNCTION("""COMPUTED_VALUE"""),"1.800 meter") -> 1.800 meter | X34: =IFERROR(__xludf.DUMMYFUNCTION("""COMPUTED_VALUE"""),"11 cm") -> 11 cm | Y34: =IFERROR(__xludf.DUMMYFUNCTION("""COMPUTED_VALUE"""),200.0) -> 200 | Z34: =IF(F34="B. Aku bersaksi bahwa tidak ada tuhan yang berhak di sembah kecuali Allah",1,0) -> 1 | AA34: =IF(G34=6,1,0) -> 1 | AB34: =IF(H34="1 Syawwal",1,0) -> 1 | AC34: =IF(I34="Al 'Alaq",1,0) -> 1 | AD34: =IF(J34="Ali Bin Abi Thalib",1,0) -> 1 | AE34: =sum(Z34:AD34) -> 5 | AF34: =IF(K34="giat",1,0) -> 0 | AG34: =IF(L34="dan",1,0) -> 1 | AH34: =IF(M34="Hafsah mengatakan bahwa ia ingin belajar di pesantren.",1,0) -> 0 | AI34: =IF(N34="Kalimat 1",1,0) -> 1 | AJ34: =IF(O34="cahaya",1,0) -> 1 | AK34: =sum(AF34:AJ34) -> 3 | AL34: =IF(P34="Parasitisme",1,0) -> 1 | AM34: =IF(Q34="Angin",1,0) -> 1 | AN34: =IF(R34="belalang dan ular",1,0) -> 1 | AO34: =IF(S34="Menghasilkan klorofil",1,0) -> 0 | AP34: =IF(T34="Kelinci",1,0) -> 1 | AQ34: =sum(AL34:AP34) -> 4 | AR34: =IF(U34=-64,1,0) -> 1 | AS34: =IF(V34="3/4",1,0) -> 1 | AT34: =IF(W34="1.800 meter",1,0) -> 1 | AU34: =IF(X34="22 cm",1,0) -> 0 | AV34: =IF(Y34="200",1,0) -> 0 | AW34: =sum(AR34:AV34) -> 3 | AY34: =AE34 -> 5 | AZ34: =AK34 -> 3 | BA34: =AQ34 -> 4 | BB34: =AW34 -> 3 | BC34: =sum(AY34:BB34)*5 -> 75
A35: =IFERROR(__xludf.DUMMYFUNCTION("""COMPUTED_VALUE"""),45927.65510923611) -> 45927.655 | B35: =IFERROR(__xludf.DUMMYFUNCTION("""COMPUTED_VALUE"""),"Lazuardi Akbar Narendra ") -> Lazuardi Akbar Narendra | C35: =IFERROR(__xludf.DUMMYFUNCTION("""COMPUTED_VALUE"""),"A250007") -> A250007 | D35: =IFERROR(__xludf.DUMMYFUNCTION("""COMPUTED_VALUE"""),"MTs Putra") -> MTs Putra | E35: =IFERROR(__xludf.DUMMYFUNCTION("""COMPUTED_VALUE"""),"Ya") -> Ya | F35: =IFERROR(__xludf.DUMMYFUNCTION("""COMPUTED_VALUE"""),"B. Aku bersaksi bahwa tidak ada tuhan yang berhak di sembah kecuali Allah") -> B. Aku bersaksi bahwa tidak ada tuhan yang berhak di sembah kecuali Allah | G35: =IFERROR(__xludf.DUMMYFUNCTION("""COMPUTED_VALUE"""),5.0) -> 5 | H35: =IFERROR(__xludf.DUMMYFUNCTION("""COMPUTED_VALUE"""),"3 Syawwal") -> 3 Syawwal | I35: =IFERROR(__xludf.DUMMYFUNCTION("""COMPUTED_VALUE"""),"Al 'Alaq") -> Al 'Alaq | J35: =IFERROR(__xludf.DUMMYFUNCTION("""COMPUTED_VALUE"""),"Umar Bin Khattab") -> Umar Bin Khattab | K35: =IFERROR(__xludf.DUMMYFUNCTION("""COMPUTED_VALUE"""),"giat") -> giat | L35: =IFERROR(__xludf.DUMMYFUNCTION("""COMPUTED_VALUE"""),"dan") -> dan | M35: =IFERROR(__xludf.DUMMYFUNCTION("""COMPUTED_VALUE"""),"Hafsah mengatakan bahwa aku ingin belajar di pesantren.") -> Hafsah mengatakan bahwa aku ingin belajar di pesantren. | N35: =IFERROR(__xludf.DUMMYFUNCTION("""COMPUTED_VALUE"""),"Kalimat 3") -> Kalimat 3 | O35: =IFERROR(__xludf.DUMMYFUNCTION("""COMPUTED_VALUE"""),"kehidupan") -> kehidupan | P35: =IFERROR(__xludf.DUMMYFUNCTION("""COMPUTED_VALUE"""),"Parasitisme") -> Parasitisme | Q35: =IFERROR(__xludf.DUMMYFUNCTION("""COMPUTED_VALUE"""),"Angin") -> Angin | R35: =IFERROR(__xludf.DUMMYFUNCTION("""COMPUTED_VALUE"""),"ulat dan kelinci") -> ulat dan kelinci | S35: =IFERROR(__xludf.DUMMYFUNCTION("""COMPUTED_VALUE"""),"Memiliki stomata") -> Memiliki stomata | T35: =IFERROR(__xludf.DUMMYFUNCTION("""COMPUTED_VALUE"""),"Kelinci") -> Kelinci | U35: =IFERROR(__xludf.DUMMYFUNCTION("""COMPUTED_VALUE"""),-56.0) -> -56 | V35: =IFERROR(__xludf.DUMMYFUNCTION("""COMPUTED_VALUE"""),"3/8") -> 3/8 | W35: =IFERROR(__xludf.DUMMYFUNCTION("""COMPUTED_VALUE"""),"1.575 meter") -> 1.575 meter | X35: =IFERROR(__xludf.DUMMYFUNCTION("""COMPUTED_VALUE"""),"28 cm") -> 28 cm | Y35: =IFERROR(__xludf.DUMMYFUNCTION("""COMPUTED_VALUE"""),200.0) -> 200 | Z35: =IF(F35="B. Aku bersaksi bahwa tidak ada tuhan yang berhak di sembah kecuali Allah",1,0) -> 1 | AA35: =IF(G35=6,1,0) -> 0 | AB35: =IF(H35="1 Syawwal",1,0) -> 0 | AC35: =IF(I35="Al 'Alaq",1,0) -> 1 | AD35: =IF(J35="Ali Bin Abi Thalib",1,0) -> 0 | AE35: =sum(Z35:AD35) -> 2 | AF35: =IF(K35="giat",1,0) -> 1 | AG35: =IF(L35="dan",1,0) -> 1 | AH35: =IF(M35="Hafsah mengatakan bahwa ia ingin belajar di pesantren.",1,0) -> 0 | AI35: =IF(N35="Kalimat 1",1,0) -> 0 | AJ35: =IF(O35="cahaya",1,0) -> 0 | AK35: =sum(AF35:AJ35) -> 2 | AL35: =IF(P35="Parasitisme",1,0) -> 1 | AM35: =IF(Q35="Angin",1,0) -> 1 | AN35: =IF(R35="belalang dan ular",1,0) -> 0 | AO35: =IF(S35="Menghasilkan klorofil",1,0) -> 0 | AP35: =IF(T35="Kelinci",1,0) -> 1 | AQ35: =sum(AL35:AP35) -> 3 | AR35: =IF(U35=-64,1,0) -> 0 | AS35: =IF(V35="3/4",1,0) -> 0 | AT35: =IF(W35="1.800 meter",1,0) -> 0 | AU35: =IF(X35="22 cm",1,0) -> 0 | AV35: =IF(Y35="200",1,0) -> 0 | AW35: =sum(AR35:AV35) -> 0 | AY35: =AE35 -> 2 | AZ35: =AK35 -> 2 | BA35: =AQ35 -> 3 | BB35: =AW35 -> 0 | BC35: =sum(AY35:BB35)*5 -> 35
A36: =IFERROR(__xludf.DUMMYFUNCTION("""COMPUTED_VALUE"""),45927.72406721065) -> 45927.724 | B36: =IFERROR(__xludf.DUMMYFUNCTION("""COMPUTED_VALUE"""),"Muhammad Al Fatih Fadhly") -> Muhammad Al Fatih Fadhly | C36: =IFERROR(__xludf.DUMMYFUNCTION("""COMPUTED_VALUE"""),"A250054") -> A250054 | D36: =IFERROR(__xludf.DUMMYFUNCTION("""COMPUTED_VALUE"""),"MTs Putra") -> MTs Putra | E36: =IFERROR(__xludf.DUMMYFUNCTION("""COMPUTED_VALUE"""),"Ya") -> Ya | F36: =IFERROR(__xludf.DUMMYFUNCTION("""COMPUTED_VALUE"""),"B. Aku bersaksi bahwa tidak ada tuhan yang berhak di sembah kecuali Allah") -> B. Aku bersaksi bahwa tidak ada tuhan yang berhak di sembah kecuali Allah | G36: =IFERROR(__xludf.DUMMYFUNCTION("""COMPUTED_VALUE"""),5.0) -> 5 | H36: =IFERROR(__xludf.DUMMYFUNCTION("""COMPUTED_VALUE"""),"1 Syawwal") -> 1 Syawwal | I36: =IFERROR(__xludf.DUMMYFUNCTION("""COMPUTED_VALUE"""),"Al 'Alaq") -> Al 'Alaq | J36: =IFERROR(__xludf.DUMMYFUNCTION("""COMPUTED_VALUE"""),"Umar Bin Khattab") -> Umar Bin Khattab | K36: =IFERROR(__xludf.DUMMYFUNCTION("""COMPUTED_VALUE"""),"giat") -> giat | L36: =IFERROR(__xludf.DUMMYFUNCTION("""COMPUTED_VALUE"""),"dan") -> dan | M36: =IFERROR(__xludf.DUMMYFUNCTION("""COMPUTED_VALUE"""),"Hafsah mengatakan bahwa ia ingin belajar di pesantren.") -> Hafsah mengatakan bahwa ia ingin belajar di pesantren. | N36: =IFERROR(__xludf.DUMMYFUNCTION("""COMPUTED_VALUE"""),"Kalimat 1") -> Kalimat 1 | O36: =IFERROR(__xludf.DUMMYFUNCTION("""COMPUTED_VALUE"""),"cahaya") -> cahaya | P36: =IFERROR(__xludf.DUMMYFUNCTION("""COMPUTED_VALUE"""),"Mutualisme") -> Mutualisme | Q36: =IFERROR(__xludf.DUMMYFUNCTION("""COMPUTED_VALUE"""),"Angin") -> Angin | R36: =IFERROR(__xludf.DUMMYFUNCTION("""COMPUTED_VALUE"""),"ulat dan kelinci") -> ulat dan kelinci | S36: =IFERROR(__xludf.DUMMYFUNCTION("""COMPUTED_VALUE"""),"Menghasilkan klorofil") -> Menghasilkan klorofil | T36: =IFERROR(__xludf.DUMMYFUNCTION("""COMPUTED_VALUE"""),"Buaya") -> Buaya | U36: =IFERROR(__xludf.DUMMYFUNCTION("""COMPUTED_VALUE"""),-64.0) -> -64 | V36: =IFERROR(__xludf.DUMMYFUNCTION("""COMPUTED_VALUE"""),"3/8") -> 3/8 | W36: =IFERROR(__xludf.DUMMYFUNCTION("""COMPUTED_VALUE"""),"1.800 meter") -> 1.800 meter | X36: =IFERROR(__xludf.DUMMYFUNCTION("""COMPUTED_VALUE"""),"28 cm") -> 28 cm | Y36: =IFERROR(__xludf.DUMMYFUNCTION("""COMPUTED_VALUE"""),400.0) -> 400 | Z36: =IF(F36="B. Aku bersaksi bahwa tidak ada tuhan yang berhak di sembah kecuali Allah",1,0) -> 1 | AA36: =IF(G36=6,1,0) -> 0 | AB36: =IF(H36="1 Syawwal",1,0) -> 1 | AC36: =IF(I36="Al 'Alaq",1,0) -> 1 | AD36: =IF(J36="Ali Bin Abi Thalib",1,0) -> 0 | AE36: =sum(Z36:AD36) -> 3 | AF36: =IF(K36="giat",1,0) -> 1 | AG36: =IF(L36="dan",1,0) -> 1 | AH36: =IF(M36="Hafsah mengatakan bahwa ia ingin belajar di pesantren.",1,0) -> 1 | AI36: =IF(N36="Kalimat 1",1,0) -> 1 | AJ36: =IF(O36="cahaya",1,0) -> 1 | AK36: =sum(AF36:AJ36) -> 5 | AL36: =IF(P36="Parasitisme",1,0) -> 0 | AM36: =IF(Q36="Angin",1,0) -> 1 | AN36: =IF(R36="belalang dan ular",1,0) -> 0 | AO36: =IF(S36="Menghasilkan klorofil",1,0) -> 1 | AP36: =IF(T36="Kelinci",1,0) -> 0 | AQ36: =sum(AL36:AP36) -> 2 | AR36: =IF(U36=-64,1,0) -> 1 | AS36: =IF(V36="3/4",1,0) -> 0 | AT36: =IF(W36="1.800 meter",1,0) -> 1 | AU36: =IF(X36="22 cm",1,0) -> 0 | AV36: =IF(Y36="200",1,0) -> 0 | AW36: =sum(AR36:AV36) -> 2 | AY36: =AE36 -> 3 | AZ36: =AK36 -> 5 | BA36: =AQ36 -> 2 | BB36: =AW36 -> 2 | BC36: =sum(AY36:BB36)*5 -> 60
A37: =IFERROR(__xludf.DUMMYFUNCTION("""COMPUTED_VALUE"""),45927.74625033565) -> 45927.746 | B37: =IFERROR(__xludf.DUMMYFUNCTION("""COMPUTED_VALUE"""),"M. Rezza Putra Darma") -> M. Rezza Putra Darma | C37: =IFERROR(__xludf.DUMMYFUNCTION("""COMPUTED_VALUE"""),"A250038") -> A250038 | D37: =IFERROR(__xludf.DUMMYFUNCTION("""COMPUTED_VALUE"""),"MTs Putra") -> MTs Putra | E37: =IFERROR(__xludf.DUMMYFUNCTION("""COMPUTED_VALUE"""),"Ya") -> Ya | F37: =IFERROR(__xludf.DUMMYFUNCTION("""COMPUTED_VALUE"""),"B. Aku bersaksi bahwa tidak ada tuhan yang berhak di sembah kecuali Allah") -> B. Aku bersaksi bahwa tidak ada tuhan yang berhak di sembah kecuali Allah | G37: =IFERROR(__xludf.DUMMYFUNCTION("""COMPUTED_VALUE"""),6.0) -> 6 | H37: =IFERROR(__xludf.DUMMYFUNCTION("""COMPUTED_VALUE"""),"3 Syawwal") -> 3 Syawwal | I37: =IFERROR(__xludf.DUMMYFUNCTION("""COMPUTED_VALUE"""),"Al Fatihah") -> Al Fatihah | J37: =IFERROR(__xludf.DUMMYFUNCTION("""COMPUTED_VALUE"""),"Ali Bin Abi Thalib") -> Ali Bin Abi Thalib | K37: =IFERROR(__xludf.DUMMYFUNCTION("""COMPUTED_VALUE"""),"giat") -> giat | L37: =IFERROR(__xludf.DUMMYFUNCTION("""COMPUTED_VALUE"""),"dan") -> dan | M37: =IFERROR(__xludf.DUMMYFUNCTION("""COMPUTED_VALUE"""),"Hafsah mengatakan bahwa ia ingin belajar di pesantren.") -> Hafsah mengatakan bahwa ia ingin belajar di pesantren. | N37: =IFERROR(__xludf.DUMMYFUNCTION("""COMPUTED_VALUE"""),"Kalimat 1") -> Kalimat 1 | O37: =IFERROR(__xludf.DUMMYFUNCTION("""COMPUTED_VALUE"""),"cahaya") -> cahaya | P37: =IFERROR(__xludf.DUMMYFUNCTION("""COMPUTED_VALUE"""),"Parasitisme") -> Parasitisme | Q37: =IFERROR(__xludf.DUMMYFUNCTION("""COMPUTED_VALUE"""),"Angin") -> Angin | R37: =IFERROR(__xludf.DUMMYFUNCTION("""COMPUTED_VALUE"""),"belalang dan ular") -> belalang dan ular | S37: =IFERROR(__xludf.DUMMYFUNCTION("""COMPUTED_VALUE"""),"Menghasilkan klorofil") -> Menghasilkan klorofil | T37: =IFERROR(__xludf.DUMMYFUNCTION("""COMPUTED_VALUE"""),"Kelinci") -> Kelinci | U37: =IFERROR(__xludf.DUMMYFUNCTION("""COMPUTED_VALUE"""),-64.0) -> -64 | V37: =IFERROR(__xludf.DUMMYFUNCTION("""COMPUTED_VALUE"""),"3/4") -> 3/4 | W37: =IFERROR(__xludf.DUMMYFUNCTION("""COMPUTED_VALUE"""),"1.800 meter") -> 1.800 meter | X37: =IFERROR(__xludf.DUMMYFUNCTION("""COMPUTED_VALUE"""),"22 cm") -> 22 cm | Y37: =IFERROR(__xludf.DUMMYFUNCTION("""COMPUTED_VALUE"""),200.0) -> 200 | Z37: =IF(F37="B. Aku bersaksi bahwa tidak ada tuhan yang berhak di sembah kecuali Allah",1,0) -> 1 | AA37: =IF(G37=6,1,0) -> 1 | AB37: =IF(H37="1 Syawwal",1,0) -> 0 | AC37: =IF(I37="Al 'Alaq",1,0) -> 0 | AD37: =IF(J37="Ali Bin Abi Thalib",1,0) -> 1 | AE37: =sum(Z37:AD37) -> 3 | AF37: =IF(K37="giat",1,0) -> 1 | AG37: =IF(L37="dan",1,0) -> 1 | AH37: =IF(M37="Hafsah mengatakan bahwa ia ingin belajar di pesantren.",1,0) -> 1 | AI37: =IF(N37="Kalimat 1",1,0) -> 1 | AJ37: =IF(O37="cahaya",1,0) -> 1 | AK37: =sum(AF37:AJ37) -> 5 | AL37: =IF(P37="Parasitisme",1,0) -> 1 | AM37: =IF(Q37="Angin",1,0) -> 1 | AN37: =IF(R37="belalang dan ular",1,0) -> 1 | AO37: =IF(S37="Menghasilkan klorofil",1,0) -> 1 | AP37: =IF(T37="Kelinci",1,0) -> 1 | AQ37: =sum(AL37:AP37) -> 5 | AR37: =IF(U37=-64,1,0) -> 1 | AS37: =IF(V37="3/4",1,0) -> 1 | AT37: =IF(W37="1.800 meter",1,0) -> 1 | AU37: =IF(X37="22 cm",1,0) -> 1 | AV37: =IF(Y37="200",1,0) -> 0 | AW37: =sum(AR37:AV37) -> 4 | AY37: =AE37 -> 3 | AZ37: =AK37 -> 5 | BA37: =AQ37 -> 5 | BB37: =AW37 -> 4 | BC37: =sum(AY37:BB37)*5 -> 85
A38: =IFERROR(__xludf.DUMMYFUNCTION("""COMPUTED_VALUE"""),45928.3747416088) -> 45928.375 | B38: =IFERROR(__xludf.DUMMYFUNCTION("""COMPUTED_VALUE"""),"Maryam Al-Kayyisah ") -> Maryam Al-Kayyisah | C38: =IFERROR(__xludf.DUMMYFUNCTION("""COMPUTED_VALUE"""),"D250019") -> D250019 | D38: =IFERROR(__xludf.DUMMYFUNCTION("""COMPUTED_VALUE"""),"MTs Putri") -> MTs Putri | E38: =IFERROR(__xludf.DUMMYFUNCTION("""COMPUTED_VALUE"""),"Ya") -> Ya | F38: =IFERROR(__xludf.DUMMYFUNCTION("""COMPUTED_VALUE"""),"B. Aku bersaksi bahwa tidak ada tuhan yang berhak di sembah kecuali Allah") -> B. Aku bersaksi bahwa tidak ada tuhan yang berhak di sembah kecuali Allah | G38: =IFERROR(__xludf.DUMMYFUNCTION("""COMPUTED_VALUE"""),6.0) -> 6 | H38: =IFERROR(__xludf.DUMMYFUNCTION("""COMPUTED_VALUE"""),"1 Syawwal") -> 1 Syawwal | I38: =IFERROR(__xludf.DUMMYFUNCTION("""COMPUTED_VALUE"""),"Al 'Alaq") -> Al 'Alaq | J38: =IFERROR(__xludf.DUMMYFUNCTION("""COMPUTED_VALUE"""),"Ali Bin Abi Thalib") -> Ali Bin Abi Thalib | K38: =IFERROR(__xludf.DUMMYFUNCTION("""COMPUTED_VALUE"""),"malas") -> malas | L38: =IFERROR(__xludf.DUMMYFUNCTION("""COMPUTED_VALUE"""),"dan") -> dan | M38: =IFERROR(__xludf.DUMMYFUNCTION("""COMPUTED_VALUE"""),"Hafsah mengatakan bahwa ia ingin belajar di pesantren.") -> Hafsah mengatakan bahwa ia ingin belajar di pesantren. | N38: =IFERROR(__xludf.DUMMYFUNCTION("""COMPUTED_VALUE"""),"Kalimat 1") -> Kalimat 1 | O38: =IFERROR(__xludf.DUMMYFUNCTION("""COMPUTED_VALUE"""),"kehidupan") -> kehidupan | P38: =IFERROR(__xludf.DUMMYFUNCTION("""COMPUTED_VALUE"""),"Parasitisme") -> Parasitisme | Q38: =IFERROR(__xludf.DUMMYFUNCTION("""COMPUTED_VALUE"""),"Angin") -> Angin | R38: =IFERROR(__xludf.DUMMYFUNCTION("""COMPUTED_VALUE"""),"pipit dan burung hantu") -> pipit dan burung hantu | S38: =IFERROR(__xludf.DUMMYFUNCTION("""COMPUTED_VALUE"""),"Memiliki stomata") -> Memiliki stomata | T38: =IFERROR(__xludf.DUMMYFUNCTION("""COMPUTED_VALUE"""),"Kelinci") -> Kelinci | U38: =IFERROR(__xludf.DUMMYFUNCTION("""COMPUTED_VALUE"""),64.0) -> 64 | V38: =IFERROR(__xludf.DUMMYFUNCTION("""COMPUTED_VALUE"""),"3/4") -> 3/4 | W38: =IFERROR(__xludf.DUMMYFUNCTION("""COMPUTED_VALUE"""),"1.800 meter") -> 1.800 meter | X38: =IFERROR(__xludf.DUMMYFUNCTION("""COMPUTED_VALUE"""),"22 cm") -> 22 cm | Y38: =IFERROR(__xludf.DUMMYFUNCTION("""COMPUTED_VALUE"""),200.0) -> 200 | Z38: =IF(F38="B. Aku bersaksi bahwa tidak ada tuhan yang berhak di sembah kecuali Allah",1,0) -> 1 | AA38: =IF(G38=6,1,0) -> 1 | AB38: =IF(H38="1 Syawwal",1,0) -> 1 | AC38: =IF(I38="Al 'Alaq",1,0) -> 1 | AD38: =IF(J38="Ali Bin Abi Thalib",1,0) -> 1 | AE38: =sum(Z38:AD38) -> 5 | AF38: =IF(K38="giat",1,0) -> 0 | AG38: =IF(L38="dan",1,0) -> 1 | AH38: =IF(M38="Hafsah mengatakan bahwa ia ingin belajar di pesantren.",1,0) -> 1 | AI38: =IF(N38="Kalimat 1",1,0) -> 1 | AJ38: =IF(O38="cahaya",1,0) -> 0 | AK38: =sum(AF38:AJ38) -> 3 | AL38: =IF(P38="Parasitisme",1,0) -> 1 | AM38: =IF(Q38="Angin",1,0) -> 1 | AN38: =IF(R38="belalang dan ular",1,0) -> 0 | AO38: =IF(S38="Menghasilkan klorofil",1,0) -> 0 | AP38: =IF(T38="Kelinci",1,0) -> 1 | AQ38: =sum(AL38:AP38) -> 3 | AR38: =IF(U38=-64,1,0) -> 0 | AS38: =IF(V38="3/4",1,0) -> 1 | AT38: =IF(W38="1.800 meter",1,0) -> 1 | AU38: =IF(X38="22 cm",1,0) -> 1 | AV38: =IF(Y38="200",1,0) -> 0 | AW38: =sum(AR38:AV38) -> 3 | AY38: =AE38 -> 5 | AZ38: =AK38 -> 3 | BA38: =AQ38 -> 3 | BB38: =AW38 -> 3 | BC38: =sum(AY38:BB38)*5 -> 70
